<?xml version="1.0" encoding="UTF-8"?>
<document id="DrugDDI.d552" origId="Albendazole"><sentence id="DrugDDI.d552.s0" origId="s0" text="Dexamethasone: Steady-state trough concentrations of albendazole sulfoxide were about 56% higher when 8 mg dexamethasone was coadministered with each dose of albendazole (15 mg/kg/day) in eight neurocysticercosis patients."><entity id="DrugDDI.d552.s0.e0" origId="s0.p0" charOffset="0-13" type="drug" text="Dexamethasone"/><entity id="DrugDDI.d552.s0.e1" origId="s0.p3" charOffset="53-74" type="drug" text="albendazole sulfoxide"/><entity id="DrugDDI.d552.s0.e2" origId="s0.p7" charOffset="107-120" type="drug" text="dexamethasone"/><entity id="DrugDDI.d552.s0.e3" origId="s0.p11" charOffset="158-169" type="drug" text="albendazole"/><pair id="DrugDDI.d552.s0.p0" e1="DrugDDI.d552.s0.e0" e2="DrugDDI.d552.s0.e1" interaction="false"/><pair id="DrugDDI.d552.s0.p1" e1="DrugDDI.d552.s0.e0" e2="DrugDDI.d552.s0.e2" interaction="false"/><pair id="DrugDDI.d552.s0.p2" e1="DrugDDI.d552.s0.e0" e2="DrugDDI.d552.s0.e3" interaction="false"/><pair id="DrugDDI.d552.s0.p3" e1="DrugDDI.d552.s0.e1" e2="DrugDDI.d552.s0.e2" interaction="false"/><pair id="DrugDDI.d552.s0.p4" e1="DrugDDI.d552.s0.e1" e2="DrugDDI.d552.s0.e3" interaction="false"/><pair id="DrugDDI.d552.s0.p5" e1="DrugDDI.d552.s0.e2" e2="DrugDDI.d552.s0.e3" interaction="true"/></sentence><sentence id="DrugDDI.d552.s1" origId="s1" text="Praziquantel: In the fed state, praziquantel (40 mg/kg) increased mean maximum plasma concentration and area under the curve of albendazole sulfoxide by about 50% in healthy subjects (n=10) compared with a separate group of subjects (n=6) given albendazole alone."><entity id="DrugDDI.d552.s1.e0" origId="s1.p18" charOffset="0-12" type="drug" text="Praziquantel"/><entity id="DrugDDI.d552.s1.e1" origId="s1.p21" charOffset="32-44" type="drug" text="praziquantel"/><entity id="DrugDDI.d552.s1.e2" origId="s1.p30" charOffset="128-149" type="drug" text="albendazole sulfoxide"/><entity id="DrugDDI.d552.s1.e3" origId="s1.p42" charOffset="245-256" type="drug" text="albendazole"/><pair id="DrugDDI.d552.s1.p0" e1="DrugDDI.d552.s1.e0" e2="DrugDDI.d552.s1.e1" interaction="false"/><pair id="DrugDDI.d552.s1.p1" e1="DrugDDI.d552.s1.e0" e2="DrugDDI.d552.s1.e2" interaction="false"/><pair id="DrugDDI.d552.s1.p2" e1="DrugDDI.d552.s1.e0" e2="DrugDDI.d552.s1.e3" interaction="false"/><pair id="DrugDDI.d552.s1.p3" e1="DrugDDI.d552.s1.e1" e2="DrugDDI.d552.s1.e2" interaction="true"/><pair id="DrugDDI.d552.s1.p4" e1="DrugDDI.d552.s1.e1" e2="DrugDDI.d552.s1.e3" interaction="false"/><pair id="DrugDDI.d552.s1.p5" e1="DrugDDI.d552.s1.e2" e2="DrugDDI.d552.s1.e3" interaction="false"/></sentence><sentence id="DrugDDI.d552.s2" origId="s2" text="Mean T max and mean plasma elimination half-life of albendazole sulfoxide were unchanged."><entity id="DrugDDI.d552.s2.e0" origId="s2.p43" charOffset="7-10" type="drug" text="max"/><entity id="DrugDDI.d552.s2.e1" origId="s2.p46" charOffset="52-73" type="drug" text="albendazole sulfoxide"/><pair id="DrugDDI.d552.s2.p0" e1="DrugDDI.d552.s2.e0" e2="DrugDDI.d552.s2.e1" interaction="false"/></sentence><sentence id="DrugDDI.d552.s3" origId="s3" text="The pharmacokinetics of praziquantel were unchanged following coadministration with albendazole (400 mg)."><entity id="DrugDDI.d552.s3.e0" origId="s3.p50" charOffset="24-36" type="drug" text="praziquantel"/><entity id="DrugDDI.d552.s3.e1" origId="s3.p55" charOffset="84-95" type="drug" text="albendazole"/><pair id="DrugDDI.d552.s3.p0" e1="DrugDDI.d552.s3.e0" e2="DrugDDI.d552.s3.e1" interaction="false"/></sentence><sentence id="DrugDDI.d552.s4" origId="s4" text="Cimetidine: Albendazole sulfoxide concentrations in bile and cystic fluid were increased (about 2-fold) in hydatid cyst patients treated with cimetidine (10 mg/kg/day) (n=7) compared with albendazole (20 mg/kg/day) alone (n=12)."><entity id="DrugDDI.d552.s4.e0" origId="s4.p59" charOffset="0-10" type="drug" text="Cimetidine"/><entity id="DrugDDI.d552.s4.e1" origId="s4.p61" charOffset="12-33" type="drug" text="Albendazole sulfoxide"/><entity id="DrugDDI.d552.s4.e2" origId="s4.p72" charOffset="142-152" type="drug" text="cimetidine"/><entity id="DrugDDI.d552.s4.e3" origId="s4.p79" charOffset="169-173" type="drug" text="n=7"/><entity id="DrugDDI.d552.s4.e4" origId="s4.p82" charOffset="188-199" type="drug" text="albendazole"/><pair id="DrugDDI.d552.s4.p0" e1="DrugDDI.d552.s4.e0" e2="DrugDDI.d552.s4.e1" interaction="false"/><pair id="DrugDDI.d552.s4.p1" e1="DrugDDI.d552.s4.e0" e2="DrugDDI.d552.s4.e2" interaction="false"/><pair id="DrugDDI.d552.s4.p2" e1="DrugDDI.d552.s4.e0" e2="DrugDDI.d552.s4.e3" interaction="false"/><pair id="DrugDDI.d552.s4.p3" e1="DrugDDI.d552.s4.e0" e2="DrugDDI.d552.s4.e4" interaction="false"/><pair id="DrugDDI.d552.s4.p4" e1="DrugDDI.d552.s4.e1" e2="DrugDDI.d552.s4.e2" interaction="true"/><pair id="DrugDDI.d552.s4.p5" e1="DrugDDI.d552.s4.e1" e2="DrugDDI.d552.s4.e3" interaction="false"/><pair id="DrugDDI.d552.s4.p6" e1="DrugDDI.d552.s4.e1" e2="DrugDDI.d552.s4.e4" interaction="false"/><pair id="DrugDDI.d552.s4.p7" e1="DrugDDI.d552.s4.e2" e2="DrugDDI.d552.s4.e3" interaction="false"/><pair id="DrugDDI.d552.s4.p8" e1="DrugDDI.d552.s4.e2" e2="DrugDDI.d552.s4.e4" interaction="false"/><pair id="DrugDDI.d552.s4.p9" e1="DrugDDI.d552.s4.e3" e2="DrugDDI.d552.s4.e4" interaction="false"/></sentence><sentence id="DrugDDI.d552.s5" origId="s5" text="Albendazole sulfoxide plasma concentrations were unchanged 4 hours after dosing."><entity id="DrugDDI.d552.s5.e0" origId="s5.p92" charOffset="0-21" type="drug" text="Albendazole sulfoxide"/></sentence><sentence id="DrugDDI.d552.s6" origId="s6" text="Theophylline: The pharmacokinetics of theophylline (aminophylline 5.8 mg/kg infused over 20 minutes) were unchanged following a single oral dose of albendazole (400 mg) in 6 healthy subjects."><entity id="DrugDDI.d552.s6.e0" origId="s6.p97" charOffset="0-12" type="drug" text="Theophylline"/><entity id="DrugDDI.d552.s6.e1" origId="s6.p100" charOffset="38-50" type="drug" text="theophylline"/><entity id="DrugDDI.d552.s6.e2" origId="s6.p102" charOffset="52-65" type="drug" text="aminophylline"/><entity id="DrugDDI.d552.s6.e3" origId="s6.p111" charOffset="148-159" type="drug" text="albendazole"/><pair id="DrugDDI.d552.s6.p0" e1="DrugDDI.d552.s6.e0" e2="DrugDDI.d552.s6.e1" interaction="false"/><pair id="DrugDDI.d552.s6.p1" e1="DrugDDI.d552.s6.e0" e2="DrugDDI.d552.s6.e2" interaction="false"/><pair id="DrugDDI.d552.s6.p2" e1="DrugDDI.d552.s6.e0" e2="DrugDDI.d552.s6.e3" interaction="false"/><pair id="DrugDDI.d552.s6.p3" e1="DrugDDI.d552.s6.e1" e2="DrugDDI.d552.s6.e2" interaction="false"/><pair id="DrugDDI.d552.s6.p4" e1="DrugDDI.d552.s6.e1" e2="DrugDDI.d552.s6.e3" interaction="false"/><pair id="DrugDDI.d552.s6.p5" e1="DrugDDI.d552.s6.e2" e2="DrugDDI.d552.s6.e3" interaction="false"/></sentence></document>