<?xml version="1.0" encoding="UTF-8"?>
<document id="DrugDDI.d509" origId="Amantadine"><sentence id="DrugDDI.d509.s0" origId="s0" text="Careful observation is required when amantadine is administered concurrently with central nervous system stimulants."><entity id="DrugDDI.d509.s0.e0" origId="s0.p4" charOffset="37-47" type="drug" text="amantadine"/><entity id="DrugDDI.d509.s0.e1" origId="s0.p8" charOffset="82-115" type="drug" text="central nervous system stimulants"/><pair id="DrugDDI.d509.s0.p0" e1="DrugDDI.d509.s0.e0" e2="DrugDDI.d509.s0.e1" interaction="true"/></sentence><sentence id="DrugDDI.d509.s1" origId="s1" text="Coadministration of thioridazine has been reported to worsen the tremor in elderly patients with Parkinsons disease;"><entity id="DrugDDI.d509.s1.e0" origId="s1.p10" charOffset="20-32" type="drug" text="thioridazine"/></sentence><sentence id="DrugDDI.d509.s2" origId="s2" text="however, it is not known if other phenothiazines produce a similar response."><entity id="DrugDDI.d509.s2.e0" origId="s2.p25" charOffset="34-48" type="drug" text="phenothiazines"/></sentence><sentence id="DrugDDI.d509.s3" origId="s3" text="Coadministration of triamterene and hydrochlorothiazide capsules resulted in a higher plasma amantadine concentration in a 61 year old man receiving amantadine (amantadine hydrochloride) 100 mg TID for Parkinsons disease.1 It is not known which of the components of triamterene and hydrochlorothiazide capsules contributed to the observation or if related drugs produce a similar response."><entity id="DrugDDI.d509.s3.e0" origId="s3.p29" charOffset="20-31" type="drug" text="triamterene"/><entity id="DrugDDI.d509.s3.e1" origId="s3.p31" charOffset="36-55" type="drug" text="hydrochlorothiazide"/><entity id="DrugDDI.d509.s3.e2" origId="s3.p33" charOffset="93-103" type="drug" text="amantadine"/><entity id="DrugDDI.d509.s3.e3" origId="s3.p34" charOffset="149-159" type="drug" text="amantadine"/><entity id="DrugDDI.d509.s3.e4" origId="s3.p36" charOffset="161-185" type="drug" text="amantadine hydrochloride"/><entity id="DrugDDI.d509.s3.e5" origId="s3.p48" charOffset="266-277" type="drug" text="triamterene"/><entity id="DrugDDI.d509.s3.e6" origId="s3.p50" charOffset="282-301" type="drug" text="hydrochlorothiazide"/><entity id="DrugDDI.d509.s3.e7" origId="s3.p54" charOffset="356-361" type="drug" text="drugs"/><pair id="DrugDDI.d509.s3.p0" e1="DrugDDI.d509.s3.e0" e2="DrugDDI.d509.s3.e1" interaction="true"/><pair id="DrugDDI.d509.s3.p1" e1="DrugDDI.d509.s3.e0" e2="DrugDDI.d509.s3.e2" interaction="false"/><pair id="DrugDDI.d509.s3.p2" e1="DrugDDI.d509.s3.e0" e2="DrugDDI.d509.s3.e3" interaction="false"/><pair id="DrugDDI.d509.s3.p3" e1="DrugDDI.d509.s3.e0" e2="DrugDDI.d509.s3.e4" interaction="false"/><pair id="DrugDDI.d509.s3.p4" e1="DrugDDI.d509.s3.e0" e2="DrugDDI.d509.s3.e5" interaction="false"/><pair id="DrugDDI.d509.s3.p5" e1="DrugDDI.d509.s3.e0" e2="DrugDDI.d509.s3.e6" interaction="false"/><pair id="DrugDDI.d509.s3.p6" e1="DrugDDI.d509.s3.e0" e2="DrugDDI.d509.s3.e7" interaction="false"/><pair id="DrugDDI.d509.s3.p7" e1="DrugDDI.d509.s3.e1" e2="DrugDDI.d509.s3.e2" interaction="false"/><pair id="DrugDDI.d509.s3.p8" e1="DrugDDI.d509.s3.e1" e2="DrugDDI.d509.s3.e3" interaction="false"/><pair id="DrugDDI.d509.s3.p9" e1="DrugDDI.d509.s3.e1" e2="DrugDDI.d509.s3.e4" interaction="false"/><pair id="DrugDDI.d509.s3.p10" e1="DrugDDI.d509.s3.e1" e2="DrugDDI.d509.s3.e5" interaction="false"/><pair id="DrugDDI.d509.s3.p11" e1="DrugDDI.d509.s3.e1" e2="DrugDDI.d509.s3.e6" interaction="false"/><pair id="DrugDDI.d509.s3.p12" e1="DrugDDI.d509.s3.e1" e2="DrugDDI.d509.s3.e7" interaction="false"/><pair id="DrugDDI.d509.s3.p13" e1="DrugDDI.d509.s3.e2" e2="DrugDDI.d509.s3.e3" interaction="false"/><pair id="DrugDDI.d509.s3.p14" e1="DrugDDI.d509.s3.e2" e2="DrugDDI.d509.s3.e4" interaction="false"/><pair id="DrugDDI.d509.s3.p15" e1="DrugDDI.d509.s3.e2" e2="DrugDDI.d509.s3.e5" interaction="false"/><pair id="DrugDDI.d509.s3.p16" e1="DrugDDI.d509.s3.e2" e2="DrugDDI.d509.s3.e6" interaction="false"/><pair id="DrugDDI.d509.s3.p17" e1="DrugDDI.d509.s3.e2" e2="DrugDDI.d509.s3.e7" interaction="false"/><pair id="DrugDDI.d509.s3.p18" e1="DrugDDI.d509.s3.e3" e2="DrugDDI.d509.s3.e4" interaction="false"/><pair id="DrugDDI.d509.s3.p19" e1="DrugDDI.d509.s3.e3" e2="DrugDDI.d509.s3.e5" interaction="false"/><pair id="DrugDDI.d509.s3.p20" e1="DrugDDI.d509.s3.e3" e2="DrugDDI.d509.s3.e6" interaction="false"/><pair id="DrugDDI.d509.s3.p21" e1="DrugDDI.d509.s3.e3" e2="DrugDDI.d509.s3.e7" interaction="false"/><pair id="DrugDDI.d509.s3.p22" e1="DrugDDI.d509.s3.e4" e2="DrugDDI.d509.s3.e5" interaction="false"/><pair id="DrugDDI.d509.s3.p23" e1="DrugDDI.d509.s3.e4" e2="DrugDDI.d509.s3.e6" interaction="false"/><pair id="DrugDDI.d509.s3.p24" e1="DrugDDI.d509.s3.e4" e2="DrugDDI.d509.s3.e7" interaction="false"/><pair id="DrugDDI.d509.s3.p25" e1="DrugDDI.d509.s3.e5" e2="DrugDDI.d509.s3.e6" interaction="false"/><pair id="DrugDDI.d509.s3.p26" e1="DrugDDI.d509.s3.e5" e2="DrugDDI.d509.s3.e7" interaction="false"/><pair id="DrugDDI.d509.s3.p27" e1="DrugDDI.d509.s3.e6" e2="DrugDDI.d509.s3.e7" interaction="false"/></sentence></document>