<?xml version="1.0" encoding="UTF-8"?>
<document id="DrugDDI.d295" origId="Aminolevulinic acid"><sentence id="DrugDDI.d295.s0" origId="s0" text="There have been no formal studies of the interaction of LEVULAN KERASTICK for Topical Solution with any other drugs, and no drug-specific interactions were noted during any of the controlled clinical trials."><entity id="DrugDDI.d295.s0.e0" origId="s0.p5" charOffset="56-73" type="drug" text="LEVULAN KERASTICK"/><entity id="DrugDDI.d295.s0.e1" origId="s0.p7" charOffset="110-115" type="drug" text="drugs"/><pair id="DrugDDI.d295.s0.p0" e1="DrugDDI.d295.s0.e0" e2="DrugDDI.d295.s0.e1" interaction="false"/></sentence><sentence id="DrugDDI.d295.s1" origId="s1" text="It is, however, possible that concomitant use of other known photosensitizing agents such as griseofulvin, thiazide diuretics, sulfonylureas, phenothiazines, sulfonamides and tetracyclines might increase the photosensitivity reaction of actinic keratoses treated with the LEVULAN KERASTICK for Topical Solution."><entity id="DrugDDI.d295.s1.e0" origId="s1.p20" charOffset="61-84" type="drug" text="photosensitizing agents"/><entity id="DrugDDI.d295.s1.e1" origId="s1.p21" charOffset="93-105" type="drug" text="griseofulvin"/><entity id="DrugDDI.d295.s1.e2" origId="s1.p22" charOffset="107-125" type="drug" text="thiazide diuretics"/><entity id="DrugDDI.d295.s1.e3" origId="s1.p23" charOffset="127-140" type="drug" text="sulfonylureas"/><entity id="DrugDDI.d295.s1.e4" origId="s1.p24" charOffset="142-156" type="drug" text="phenothiazines"/><entity id="DrugDDI.d295.s1.e5" origId="s1.p25" charOffset="158-170" type="drug" text="sulfonamides"/><entity id="DrugDDI.d295.s1.e6" origId="s1.p27" charOffset="175-188" type="drug" text="tetracyclines"/><entity id="DrugDDI.d295.s1.e7" origId="s1.p33" charOffset="272-289" type="drug" text="LEVULAN KERASTICK"/><pair id="DrugDDI.d295.s1.p0" e1="DrugDDI.d295.s1.e0" e2="DrugDDI.d295.s1.e1" interaction="false"/><pair id="DrugDDI.d295.s1.p1" e1="DrugDDI.d295.s1.e0" e2="DrugDDI.d295.s1.e2" interaction="false"/><pair id="DrugDDI.d295.s1.p2" e1="DrugDDI.d295.s1.e0" e2="DrugDDI.d295.s1.e3" interaction="false"/><pair id="DrugDDI.d295.s1.p3" e1="DrugDDI.d295.s1.e0" e2="DrugDDI.d295.s1.e4" interaction="false"/><pair id="DrugDDI.d295.s1.p4" e1="DrugDDI.d295.s1.e0" e2="DrugDDI.d295.s1.e5" interaction="false"/><pair id="DrugDDI.d295.s1.p5" e1="DrugDDI.d295.s1.e0" e2="DrugDDI.d295.s1.e6" interaction="false"/><pair id="DrugDDI.d295.s1.p6" e1="DrugDDI.d295.s1.e0" e2="DrugDDI.d295.s1.e7" interaction="true"/><pair id="DrugDDI.d295.s1.p7" e1="DrugDDI.d295.s1.e1" e2="DrugDDI.d295.s1.e2" interaction="false"/><pair id="DrugDDI.d295.s1.p8" e1="DrugDDI.d295.s1.e1" e2="DrugDDI.d295.s1.e3" interaction="false"/><pair id="DrugDDI.d295.s1.p9" e1="DrugDDI.d295.s1.e1" e2="DrugDDI.d295.s1.e4" interaction="false"/><pair id="DrugDDI.d295.s1.p10" e1="DrugDDI.d295.s1.e1" e2="DrugDDI.d295.s1.e5" interaction="false"/><pair id="DrugDDI.d295.s1.p11" e1="DrugDDI.d295.s1.e1" e2="DrugDDI.d295.s1.e6" interaction="false"/><pair id="DrugDDI.d295.s1.p12" e1="DrugDDI.d295.s1.e1" e2="DrugDDI.d295.s1.e7" interaction="false"/><pair id="DrugDDI.d295.s1.p13" e1="DrugDDI.d295.s1.e2" e2="DrugDDI.d295.s1.e3" interaction="false"/><pair id="DrugDDI.d295.s1.p14" e1="DrugDDI.d295.s1.e2" e2="DrugDDI.d295.s1.e4" interaction="false"/><pair id="DrugDDI.d295.s1.p15" e1="DrugDDI.d295.s1.e2" e2="DrugDDI.d295.s1.e5" interaction="false"/><pair id="DrugDDI.d295.s1.p16" e1="DrugDDI.d295.s1.e2" e2="DrugDDI.d295.s1.e6" interaction="false"/><pair id="DrugDDI.d295.s1.p17" e1="DrugDDI.d295.s1.e2" e2="DrugDDI.d295.s1.e7" interaction="true"/><pair id="DrugDDI.d295.s1.p18" e1="DrugDDI.d295.s1.e3" e2="DrugDDI.d295.s1.e4" interaction="false"/><pair id="DrugDDI.d295.s1.p19" e1="DrugDDI.d295.s1.e3" e2="DrugDDI.d295.s1.e5" interaction="false"/><pair id="DrugDDI.d295.s1.p20" e1="DrugDDI.d295.s1.e3" e2="DrugDDI.d295.s1.e6" interaction="false"/><pair id="DrugDDI.d295.s1.p21" e1="DrugDDI.d295.s1.e3" e2="DrugDDI.d295.s1.e7" interaction="false"/><pair id="DrugDDI.d295.s1.p22" e1="DrugDDI.d295.s1.e4" e2="DrugDDI.d295.s1.e5" interaction="false"/><pair id="DrugDDI.d295.s1.p23" e1="DrugDDI.d295.s1.e4" e2="DrugDDI.d295.s1.e6" interaction="false"/><pair id="DrugDDI.d295.s1.p24" e1="DrugDDI.d295.s1.e4" e2="DrugDDI.d295.s1.e7" interaction="true"/><pair id="DrugDDI.d295.s1.p25" e1="DrugDDI.d295.s1.e5" e2="DrugDDI.d295.s1.e6" interaction="false"/><pair id="DrugDDI.d295.s1.p26" e1="DrugDDI.d295.s1.e5" e2="DrugDDI.d295.s1.e7" interaction="false"/><pair id="DrugDDI.d295.s1.p27" e1="DrugDDI.d295.s1.e6" e2="DrugDDI.d295.s1.e7" interaction="true"/></sentence></document>