<?xml version="1.0" encoding="UTF-8"?>
<document id="DrugDDI.d418" origId="Amphetamine"><sentence id="DrugDDI.d418.s0" origId="s0" text="Acidifying agents - Gastrointestinal acidifying agents (guanethidine,reserpine, glutamic acid HCl,ascorbic acid, fruit juices, etc.) lower absorption of amphetamines."><entity id="DrugDDI.d418.s0.e0" origId="s0.p0" charOffset="0-17" type="drug" text="Acidifying agents"/><entity id="DrugDDI.d418.s0.e1" origId="s0.p2" charOffset="56-68" type="drug" text="guanethidine"/><entity id="DrugDDI.d418.s0.e2" origId="s0.p3" charOffset="69-78" type="drug" text="reserpine"/><entity id="DrugDDI.d418.s0.e3" origId="s0.p4" charOffset="80-97" type="drug" text="glutamic acid HCl"/><entity id="DrugDDI.d418.s0.e4" origId="s0.p5" charOffset="98-111" type="drug" text="ascorbic acid"/><entity id="DrugDDI.d418.s0.e5" origId="s0.p10" charOffset="153-165" type="drug" text="amphetamines"/><pair id="DrugDDI.d418.s0.p0" e1="DrugDDI.d418.s0.e0" e2="DrugDDI.d418.s0.e1" interaction="false"/><pair id="DrugDDI.d418.s0.p1" e1="DrugDDI.d418.s0.e0" e2="DrugDDI.d418.s0.e2" interaction="false"/><pair id="DrugDDI.d418.s0.p2" e1="DrugDDI.d418.s0.e0" e2="DrugDDI.d418.s0.e3" interaction="false"/><pair id="DrugDDI.d418.s0.p3" e1="DrugDDI.d418.s0.e0" e2="DrugDDI.d418.s0.e4" interaction="false"/><pair id="DrugDDI.d418.s0.p4" e1="DrugDDI.d418.s0.e0" e2="DrugDDI.d418.s0.e5" interaction="true"/><pair id="DrugDDI.d418.s0.p5" e1="DrugDDI.d418.s0.e1" e2="DrugDDI.d418.s0.e2" interaction="false"/><pair id="DrugDDI.d418.s0.p6" e1="DrugDDI.d418.s0.e1" e2="DrugDDI.d418.s0.e3" interaction="false"/><pair id="DrugDDI.d418.s0.p7" e1="DrugDDI.d418.s0.e1" e2="DrugDDI.d418.s0.e4" interaction="false"/><pair id="DrugDDI.d418.s0.p8" e1="DrugDDI.d418.s0.e1" e2="DrugDDI.d418.s0.e5" interaction="false"/><pair id="DrugDDI.d418.s0.p9" e1="DrugDDI.d418.s0.e2" e2="DrugDDI.d418.s0.e3" interaction="false"/><pair id="DrugDDI.d418.s0.p10" e1="DrugDDI.d418.s0.e2" e2="DrugDDI.d418.s0.e4" interaction="false"/><pair id="DrugDDI.d418.s0.p11" e1="DrugDDI.d418.s0.e2" e2="DrugDDI.d418.s0.e5" interaction="true"/><pair id="DrugDDI.d418.s0.p12" e1="DrugDDI.d418.s0.e3" e2="DrugDDI.d418.s0.e4" interaction="false"/><pair id="DrugDDI.d418.s0.p13" e1="DrugDDI.d418.s0.e3" e2="DrugDDI.d418.s0.e5" interaction="false"/><pair id="DrugDDI.d418.s0.p14" e1="DrugDDI.d418.s0.e4" e2="DrugDDI.d418.s0.e5" interaction="true"/></sentence><sentence id="DrugDDI.d418.s1" origId="s1" text="Urinary acidifying agents -(ammonium chloride, sodium acid phosphate, etc.)"><entity id="DrugDDI.d418.s1.e0" origId="s1.p11" charOffset="8-25" type="drug" text="acidifying agents"/><entity id="DrugDDI.d418.s1.e1" origId="s1.p13" charOffset="28-45" type="drug" text="ammonium chloride"/><entity id="DrugDDI.d418.s1.e2" origId="s1.p14" charOffset="47-68" type="drug" text="sodium acid phosphate"/><pair id="DrugDDI.d418.s1.p0" e1="DrugDDI.d418.s1.e0" e2="DrugDDI.d418.s1.e1" interaction="false"/><pair id="DrugDDI.d418.s1.p1" e1="DrugDDI.d418.s1.e0" e2="DrugDDI.d418.s1.e2" interaction="false"/><pair id="DrugDDI.d418.s1.p2" e1="DrugDDI.d418.s1.e1" e2="DrugDDI.d418.s1.e2" interaction="false"/></sentence><sentence id="DrugDDI.d418.s2" origId="s2" text="Increase the concentration of the ionized species of the amphetamine."><entity id="DrugDDI.d418.s2.e0" origId="s2.p20" charOffset="57-69" type="drug" text="amphetamine"/></sentence><sentence id="DrugDDI.d418.s3" origId="s3" text="Primary excretion - Both Groups of agents lower blood levels and efficacy of amphetamines."><entity id="DrugDDI.d418.s3.e0" origId="s3.p29" charOffset="77-89" type="drug" text="amphetamines"/></sentence><sentence id="DrugDDI.d418.s4" origId="s4" text="Adrenergic blockers - Adrenergic blockers are inhibited by amphetamines."><entity id="DrugDDI.d418.s4.e0" origId="s4.p30" charOffset="0-19" type="drug" text="Adrenergic blockers"/><entity id="DrugDDI.d418.s4.e1" origId="s4.p33" charOffset="59-71" type="drug" text="amphetamines"/><pair id="DrugDDI.d418.s4.p0" e1="DrugDDI.d418.s4.e0" e2="DrugDDI.d418.s4.e1" interaction="true"/></sentence><sentence id="DrugDDI.d418.s5" origId="s5" text="Alkalinizing agents -Gastrointestinal alkalinizing agents (sodium bicarbonate, etc.)increase absorption of amphetamines."><entity id="DrugDDI.d418.s5.e0" origId="s5.p34" charOffset="0-19" type="drug" text="Alkalinizing agents"/><entity id="DrugDDI.d418.s5.e1" origId="s5.p36" charOffset="59-77" type="drug" text="sodium bicarbonate"/><entity id="DrugDDI.d418.s5.e2" origId="s5.p41" charOffset="107-119" type="drug" text="amphetamines"/><pair id="DrugDDI.d418.s5.p0" e1="DrugDDI.d418.s5.e0" e2="DrugDDI.d418.s5.e1" interaction="false"/><pair id="DrugDDI.d418.s5.p1" e1="DrugDDI.d418.s5.e0" e2="DrugDDI.d418.s5.e2" interaction="true"/><pair id="DrugDDI.d418.s5.p2" e1="DrugDDI.d418.s5.e1" e2="DrugDDI.d418.s5.e2" interaction="false"/></sentence><sentence id="DrugDDI.d418.s6" origId="s6" text="Urinary alkalinizing agents (acetazolamide, some thiazides) increase the concentration of the non-ionized species of the amphetamine molecule, thereby decreasing urinary excretion."><entity id="DrugDDI.d418.s6.e0" origId="s6.p42" charOffset="8-27" type="drug" text="alkalinizing agents"/><entity id="DrugDDI.d418.s6.e1" origId="s6.p44" charOffset="29-42" type="drug" text="acetazolamide"/><entity id="DrugDDI.d418.s6.e2" origId="s6.p45" charOffset="49-58" type="drug" text="thiazides"/><entity id="DrugDDI.d418.s6.e3" origId="s6.p50" charOffset="121-133" type="drug" text="amphetamine"/><pair id="DrugDDI.d418.s6.p0" e1="DrugDDI.d418.s6.e0" e2="DrugDDI.d418.s6.e1" interaction="false"/><pair id="DrugDDI.d418.s6.p1" e1="DrugDDI.d418.s6.e0" e2="DrugDDI.d418.s6.e2" interaction="false"/><pair id="DrugDDI.d418.s6.p2" e1="DrugDDI.d418.s6.e0" e2="DrugDDI.d418.s6.e3" interaction="true"/><pair id="DrugDDI.d418.s6.p3" e1="DrugDDI.d418.s6.e1" e2="DrugDDI.d418.s6.e2" interaction="false"/><pair id="DrugDDI.d418.s6.p4" e1="DrugDDI.d418.s6.e1" e2="DrugDDI.d418.s6.e3" interaction="false"/><pair id="DrugDDI.d418.s6.p5" e1="DrugDDI.d418.s6.e2" e2="DrugDDI.d418.s6.e3" interaction="true"/></sentence><sentence id="DrugDDI.d418.s7" origId="s7" text="Both groups of agents increase blood levels and therefore potentate the actions of amphetamines."><entity id="DrugDDI.d418.s7.e0" origId="s7.p62" charOffset="83-95" type="drug" text="amphetamines"/></sentence><sentence id="DrugDDI.d418.s8" origId="s8" text="Antidepressants, tricyclic - Amphetamines may enhance the activity of tricyclic or sympathomimetic agents;"><entity id="DrugDDI.d418.s8.e0" origId="s8.p63" charOffset="0-15" type="drug" text="Antidepressants"/><entity id="DrugDDI.d418.s8.e1" origId="s8.p64" charOffset="17-41" type="drug" text="tricyclic - amphetamines"/><entity id="DrugDDI.d418.s8.e2" origId="s8.p70" charOffset="83-105" type="drug" text="sympathomimetic agents"/><pair id="DrugDDI.d418.s8.p0" e1="DrugDDI.d418.s8.e0" e2="DrugDDI.d418.s8.e1" interaction="false"/><pair id="DrugDDI.d418.s8.p1" e1="DrugDDI.d418.s8.e0" e2="DrugDDI.d418.s8.e2" interaction="false"/><pair id="DrugDDI.d418.s8.p2" e1="DrugDDI.d418.s8.e1" e2="DrugDDI.d418.s8.e2" interaction="true"/></sentence><sentence id="DrugDDI.d418.s9" origId="s9" text="d-amphetamine with desipramine or protriptyline and possibly other tricyclics cause striking and sustained increases in the concentration of d-amphetamine in the brain;"><entity id="DrugDDI.d418.s9.e0" origId="s9.p72" charOffset="0-13" type="drug" text="d-amphetamine"/><entity id="DrugDDI.d418.s9.e1" origId="s9.p73" charOffset="19-30" type="drug" text="desipramine"/><entity id="DrugDDI.d418.s9.e2" origId="s9.p75" charOffset="34-47" type="drug" text="protriptyline"/><entity id="DrugDDI.d418.s9.e3" origId="s9.p77" charOffset="67-77" type="drug" text="tricyclics"/><entity id="DrugDDI.d418.s9.e4" origId="s9.p83" charOffset="141-155" type="drug" text="d-amphetamine"/><pair id="DrugDDI.d418.s9.p0" e1="DrugDDI.d418.s9.e0" e2="DrugDDI.d418.s9.e1" interaction="true"/><pair id="DrugDDI.d418.s9.p1" e1="DrugDDI.d418.s9.e0" e2="DrugDDI.d418.s9.e2" interaction="false"/><pair id="DrugDDI.d418.s9.p2" e1="DrugDDI.d418.s9.e0" e2="DrugDDI.d418.s9.e3" interaction="true"/><pair id="DrugDDI.d418.s9.p3" e1="DrugDDI.d418.s9.e0" e2="DrugDDI.d418.s9.e4" interaction="false"/><pair id="DrugDDI.d418.s9.p4" e1="DrugDDI.d418.s9.e1" e2="DrugDDI.d418.s9.e2" interaction="false"/><pair id="DrugDDI.d418.s9.p5" e1="DrugDDI.d418.s9.e1" e2="DrugDDI.d418.s9.e3" interaction="false"/><pair id="DrugDDI.d418.s9.p6" e1="DrugDDI.d418.s9.e1" e2="DrugDDI.d418.s9.e4" interaction="false"/><pair id="DrugDDI.d418.s9.p7" e1="DrugDDI.d418.s9.e2" e2="DrugDDI.d418.s9.e3" interaction="false"/><pair id="DrugDDI.d418.s9.p8" e1="DrugDDI.d418.s9.e2" e2="DrugDDI.d418.s9.e4" interaction="false"/><pair id="DrugDDI.d418.s9.p9" e1="DrugDDI.d418.s9.e3" e2="DrugDDI.d418.s9.e4" interaction="false"/></sentence><sentence id="DrugDDI.d418.s10" origId="s10" text="cardiovascular effects can be potentiated."/><sentence id="DrugDDI.d418.s11" origId="s11" text="MAO inhibitors - MAO antidepressants, as well as a metabolite of furazolidone, slow amphetamine metabolism."><entity id="DrugDDI.d418.s11.e0" origId="s11.p90" charOffset="21-36" type="drug" text="antidepressants"/><entity id="DrugDDI.d418.s11.e1" origId="s11.p92" charOffset="51-61" type="drug" text="metabolite"/><entity id="DrugDDI.d418.s11.e2" origId="s11.p93" charOffset="65-77" type="drug" text="furazolidone"/><entity id="DrugDDI.d418.s11.e3" origId="s11.p94" charOffset="84-96" type="drug" text="amphetamine"/><pair id="DrugDDI.d418.s11.p0" e1="DrugDDI.d418.s11.e0" e2="DrugDDI.d418.s11.e1" interaction="false"/><pair id="DrugDDI.d418.s11.p1" e1="DrugDDI.d418.s11.e0" e2="DrugDDI.d418.s11.e2" interaction="false"/><pair id="DrugDDI.d418.s11.p2" e1="DrugDDI.d418.s11.e0" e2="DrugDDI.d418.s11.e3" interaction="true"/><pair id="DrugDDI.d418.s11.p3" e1="DrugDDI.d418.s11.e1" e2="DrugDDI.d418.s11.e2" interaction="false"/><pair id="DrugDDI.d418.s11.p4" e1="DrugDDI.d418.s11.e1" e2="DrugDDI.d418.s11.e3" interaction="false"/><pair id="DrugDDI.d418.s11.p5" e1="DrugDDI.d418.s11.e2" e2="DrugDDI.d418.s11.e3" interaction="false"/></sentence><sentence id="DrugDDI.d418.s12" origId="s12" text="This slowing potentiates amphetamines, increasing their effect on the release of norepinephrine and other monoamines from adrenergic nerve endings, this can cause headaches and other signs of hypertensive crisis."><entity id="DrugDDI.d418.s12.e0" origId="s12.p97" charOffset="25-37" type="drug" text="amphetamines"/><entity id="DrugDDI.d418.s12.e1" origId="s12.p101" charOffset="81-95" type="drug" text="norepinephrine"/><pair id="DrugDDI.d418.s12.p0" e1="DrugDDI.d418.s12.e0" e2="DrugDDI.d418.s12.e1" interaction="true"/></sentence><sentence id="DrugDDI.d418.s13" origId="s13" text="A variety of neurological toxic effects and malignant hyperpyrexia can occur, sometimes with fatal results."/><sentence id="DrugDDI.d418.s14" origId="s14" text="Antihistamines - Amphetamines may counteract the sedative effect of antihistamines."><entity id="DrugDDI.d418.s14.e0" origId="s14.p121" charOffset="0-14" type="drug" text="Antihistamines"/><entity id="DrugDDI.d418.s14.e1" origId="s14.p125" charOffset="68-82" type="drug" text="antihistamines"/><pair id="DrugDDI.d418.s14.p0" e1="DrugDDI.d418.s14.e0" e2="DrugDDI.d418.s14.e1" interaction="true"/></sentence><sentence id="DrugDDI.d418.s15" origId="s15" text="Antihypertensives - Amphetamines may antagonize the hypotensive effects of antihypertensives."><entity id="DrugDDI.d418.s15.e0" origId="s15.p126" charOffset="0-17" type="drug" text="Antihypertensives"/><entity id="DrugDDI.d418.s15.e1" origId="s15.p130" charOffset="75-92" type="drug" text="antihypertensives"/><pair id="DrugDDI.d418.s15.p0" e1="DrugDDI.d418.s15.e0" e2="DrugDDI.d418.s15.e1" interaction="true"/></sentence><sentence id="DrugDDI.d418.s16" origId="s16" text="Chlorpromazine - Chlorpromazine blocks dopamine and norepinephrine receptors, thus inhibiting the central stimulant effects of amphetamines, and can be used to treat amphetamine poisoning."><entity id="DrugDDI.d418.s16.e0" origId="s16.p131" charOffset="0-14" type="drug" text="Chlorpromazine"/><entity id="DrugDDI.d418.s16.e1" origId="s16.p133" charOffset="39-47" type="drug" text="dopamine"/><entity id="DrugDDI.d418.s16.e2" origId="s16.p135" charOffset="52-76" type="drug" text="norepinephrine receptors"/><entity id="DrugDDI.d418.s16.e3" origId="s16.p138" charOffset="98-115" type="drug" text="central stimulant"/><entity id="DrugDDI.d418.s16.e4" origId="s16.p139" charOffset="127-139" type="drug" text="amphetamines"/><pair id="DrugDDI.d418.s16.p0" e1="DrugDDI.d418.s16.e0" e2="DrugDDI.d418.s16.e1" interaction="true"/><pair id="DrugDDI.d418.s16.p1" e1="DrugDDI.d418.s16.e0" e2="DrugDDI.d418.s16.e2" interaction="false"/><pair id="DrugDDI.d418.s16.p2" e1="DrugDDI.d418.s16.e0" e2="DrugDDI.d418.s16.e3" interaction="false"/><pair id="DrugDDI.d418.s16.p3" e1="DrugDDI.d418.s16.e0" e2="DrugDDI.d418.s16.e4" interaction="true"/><pair id="DrugDDI.d418.s16.p4" e1="DrugDDI.d418.s16.e1" e2="DrugDDI.d418.s16.e2" interaction="false"/><pair id="DrugDDI.d418.s16.p5" e1="DrugDDI.d418.s16.e1" e2="DrugDDI.d418.s16.e3" interaction="false"/><pair id="DrugDDI.d418.s16.p6" e1="DrugDDI.d418.s16.e1" e2="DrugDDI.d418.s16.e4" interaction="false"/><pair id="DrugDDI.d418.s16.p7" e1="DrugDDI.d418.s16.e2" e2="DrugDDI.d418.s16.e3" interaction="false"/><pair id="DrugDDI.d418.s16.p8" e1="DrugDDI.d418.s16.e2" e2="DrugDDI.d418.s16.e4" interaction="false"/><pair id="DrugDDI.d418.s16.p9" e1="DrugDDI.d418.s16.e3" e2="DrugDDI.d418.s16.e4" interaction="false"/></sentence><sentence id="DrugDDI.d418.s17" origId="s17" text="Ethosuximide - Amphetamines may delay intestinal absorption of ethosuximide."><entity id="DrugDDI.d418.s17.e0" origId="s17.p147" charOffset="0-12" type="drug" text="Ethosuximide"/><entity id="DrugDDI.d418.s17.e1" origId="s17.p151" charOffset="63-75" type="drug" text="ethosuximide"/><pair id="DrugDDI.d418.s17.p0" e1="DrugDDI.d418.s17.e0" e2="DrugDDI.d418.s17.e1" interaction="true"/></sentence><sentence id="DrugDDI.d418.s18" origId="s18" text="Haloperidol - Haloperidol blocks dopamine receptors, thus inhibiting the central stimulant effects of amphetamines."><entity id="DrugDDI.d418.s18.e0" origId="s18.p152" charOffset="0-11" type="drug" text="Haloperidol"/><entity id="DrugDDI.d418.s18.e1" origId="s18.p154" charOffset="33-51" type="drug" text="dopamine receptors"/><entity id="DrugDDI.d418.s18.e2" origId="s18.p157" charOffset="73-90" type="drug" text="central stimulant"/><entity id="DrugDDI.d418.s18.e3" origId="s18.p158" charOffset="102-114" type="drug" text="amphetamines"/><pair id="DrugDDI.d418.s18.p0" e1="DrugDDI.d418.s18.e0" e2="DrugDDI.d418.s18.e1" interaction="true"/><pair id="DrugDDI.d418.s18.p1" e1="DrugDDI.d418.s18.e0" e2="DrugDDI.d418.s18.e2" interaction="false"/><pair id="DrugDDI.d418.s18.p2" e1="DrugDDI.d418.s18.e0" e2="DrugDDI.d418.s18.e3" interaction="false"/><pair id="DrugDDI.d418.s18.p3" e1="DrugDDI.d418.s18.e1" e2="DrugDDI.d418.s18.e2" interaction="false"/><pair id="DrugDDI.d418.s18.p4" e1="DrugDDI.d418.s18.e1" e2="DrugDDI.d418.s18.e3" interaction="false"/><pair id="DrugDDI.d418.s18.p5" e1="DrugDDI.d418.s18.e2" e2="DrugDDI.d418.s18.e3" interaction="false"/></sentence><sentence id="DrugDDI.d418.s19" origId="s19" text="Lithium carbonate - The anorectic and stimulatory effects of amphetamines may be inhibited by lithium carbonate."><entity id="DrugDDI.d418.s19.e0" origId="s19.p159" charOffset="0-17" type="drug" text="Lithium carbonate"/><entity id="DrugDDI.d418.s19.e1" origId="s19.p162" charOffset="61-73" type="drug" text="amphetamines"/><entity id="DrugDDI.d418.s19.e2" origId="s19.p166" charOffset="94-111" type="drug" text="lithium carbonate"/><pair id="DrugDDI.d418.s19.p0" e1="DrugDDI.d418.s19.e0" e2="DrugDDI.d418.s19.e1" interaction="false"/><pair id="DrugDDI.d418.s19.p1" e1="DrugDDI.d418.s19.e0" e2="DrugDDI.d418.s19.e2" interaction="false"/><pair id="DrugDDI.d418.s19.p2" e1="DrugDDI.d418.s19.e1" e2="DrugDDI.d418.s19.e2" interaction="true"/></sentence><sentence id="DrugDDI.d418.s20" origId="s20" text="Meperidine - Amphetamines pone the analgesic effect of meperidine."><entity id="DrugDDI.d418.s20.e0" origId="s20.p167" charOffset="0-10" type="drug" text="Meperidine"/><entity id="DrugDDI.d418.s20.e1" origId="s20.p169" charOffset="55-65" type="drug" text="meperidine"/><pair id="DrugDDI.d418.s20.p0" e1="DrugDDI.d418.s20.e0" e2="DrugDDI.d418.s20.e1" interaction="true"/></sentence><sentence id="DrugDDI.d418.s21" origId="s21" text="Methenamine therapy - Urinary excretion of amphetamines is increased, and efficacy is reduced, by acidifying agents used in methenamine therapy."><entity id="DrugDDI.d418.s21.e0" origId="s21.p170" charOffset="0-11" type="drug" text="Methenamine"/><entity id="DrugDDI.d418.s21.e1" origId="s21.p172" charOffset="43-55" type="drug" text="amphetamines"/><entity id="DrugDDI.d418.s21.e2" origId="s21.p181" charOffset="98-115" type="drug" text="acidifying agents"/><entity id="DrugDDI.d418.s21.e3" origId="s21.p183" charOffset="124-135" type="drug" text="methenamine"/><pair id="DrugDDI.d418.s21.p0" e1="DrugDDI.d418.s21.e0" e2="DrugDDI.d418.s21.e1" interaction="false"/><pair id="DrugDDI.d418.s21.p1" e1="DrugDDI.d418.s21.e0" e2="DrugDDI.d418.s21.e2" interaction="false"/><pair id="DrugDDI.d418.s21.p2" e1="DrugDDI.d418.s21.e0" e2="DrugDDI.d418.s21.e3" interaction="false"/><pair id="DrugDDI.d418.s21.p3" e1="DrugDDI.d418.s21.e1" e2="DrugDDI.d418.s21.e2" interaction="true"/><pair id="DrugDDI.d418.s21.p4" e1="DrugDDI.d418.s21.e1" e2="DrugDDI.d418.s21.e3" interaction="false"/><pair id="DrugDDI.d418.s21.p5" e1="DrugDDI.d418.s21.e2" e2="DrugDDI.d418.s21.e3" interaction="false"/></sentence><sentence id="DrugDDI.d418.s22" origId="s22" text="Norepinephrine - Amphetamines enhance the adrenergic effect of norepinephrine."><entity id="DrugDDI.d418.s22.e0" origId="s22.p184" charOffset="0-14" type="drug" text="Norepinephrine"/><entity id="DrugDDI.d418.s22.e1" origId="s22.p187" charOffset="63-77" type="drug" text="norepinephrine"/><pair id="DrugDDI.d418.s22.p0" e1="DrugDDI.d418.s22.e0" e2="DrugDDI.d418.s22.e1" interaction="true"/></sentence><sentence id="DrugDDI.d418.s23" origId="s23" text="Phenobarbital - Amphetamines may delay intestinal absorption of phenobarbital;"><entity id="DrugDDI.d418.s23.e0" origId="s23.p188" charOffset="0-13" type="drug" text="Phenobarbital"/><entity id="DrugDDI.d418.s23.e1" origId="s23.p192" charOffset="64-77" type="drug" text="phenobarbital"/><pair id="DrugDDI.d418.s23.p0" e1="DrugDDI.d418.s23.e0" e2="DrugDDI.d418.s23.e1" interaction="true"/></sentence><sentence id="DrugDDI.d418.s24" origId="s24" text="co-administration of phenobarbital may produce a synergistic anticonvulsant action."><entity id="DrugDDI.d418.s24.e0" origId="s24.p195" charOffset="21-34" type="drug" text="phenobarbital"/><entity id="DrugDDI.d418.s24.e1" origId="s24.p198" charOffset="61-75" type="drug" text="anticonvulsant"/><pair id="DrugDDI.d418.s24.p0" e1="DrugDDI.d418.s24.e0" e2="DrugDDI.d418.s24.e1" interaction="true"/></sentence><sentence id="DrugDDI.d418.s25" origId="s25" text="Phenytoin - Amphetamines may delay intestinal absorption of phenytoin;"><entity id="DrugDDI.d418.s25.e0" origId="s25.p199" charOffset="0-24" type="drug" text="phenytoin - amphetamines"/><entity id="DrugDDI.d418.s25.e1" origId="s25.p203" charOffset="60-69" type="drug" text="phenytoin"/><pair id="DrugDDI.d418.s25.p0" e1="DrugDDI.d418.s25.e0" e2="DrugDDI.d418.s25.e1" interaction="true"/></sentence><sentence id="DrugDDI.d418.s26" origId="s26" text="co-administration of phenytoin may produce a synergistic anticonvulsant action."><entity id="DrugDDI.d418.s26.e0" origId="s26.p206" charOffset="21-30" type="drug" text="phenytoin"/><entity id="DrugDDI.d418.s26.e1" origId="s26.p209" charOffset="57-71" type="drug" text="anticonvulsant"/><pair id="DrugDDI.d418.s26.p0" e1="DrugDDI.d418.s26.e0" e2="DrugDDI.d418.s26.e1" interaction="false"/></sentence><sentence id="DrugDDI.d418.s27" origId="s27" text="Propoxyphene - In cases of propoxyphene overdose, amphetamine CNS stimulation is potentiated and fatal convulsions can occur."><entity id="DrugDDI.d418.s27.e0" origId="s27.p210" charOffset="0-12" type="drug" text="Propoxyphene"/><entity id="DrugDDI.d418.s27.e1" origId="s27.p212" charOffset="27-39" type="drug" text="propoxyphene"/><entity id="DrugDDI.d418.s27.e2" origId="s27.p213" charOffset="50-66" type="drug" text="amphetamine CNS"/><pair id="DrugDDI.d418.s27.p0" e1="DrugDDI.d418.s27.e0" e2="DrugDDI.d418.s27.e1" interaction="false"/><pair id="DrugDDI.d418.s27.p1" e1="DrugDDI.d418.s27.e0" e2="DrugDDI.d418.s27.e2" interaction="false"/><pair id="DrugDDI.d418.s27.p2" e1="DrugDDI.d418.s27.e1" e2="DrugDDI.d418.s27.e2" interaction="true"/></sentence><sentence id="DrugDDI.d418.s28" origId="s28" text="Veratrum alkaloids - Amphetamines inhibit the hypotensive effect of veratrum alkaloids."><entity id="DrugDDI.d418.s28.e0" origId="s28.p220" charOffset="0-18" type="drug" text="Veratrum alkaloids"/><entity id="DrugDDI.d418.s28.e1" origId="s28.p223" charOffset="68-86" type="drug" text="veratrum alkaloids"/><pair id="DrugDDI.d418.s28.p0" e1="DrugDDI.d418.s28.e0" e2="DrugDDI.d418.s28.e1" interaction="true"/></sentence><sentence id="DrugDDI.d418.s29" origId="s29" text="Drug/Laboratory Test Interactions Amphetamines can cause a significant elevation in plasma corticosteroid levels."><entity id="DrugDDI.d418.s29.e0" origId="s29.p224" charOffset="0-4" type="drug" text="Drug"/><entity id="DrugDDI.d418.s29.e1" origId="s29.p225" charOffset="34-46" type="drug" text="amphetamines"/><entity id="DrugDDI.d418.s29.e2" origId="s29.p229" charOffset="91-105" type="drug" text="corticosteroid"/><pair id="DrugDDI.d418.s29.p0" e1="DrugDDI.d418.s29.e0" e2="DrugDDI.d418.s29.e1" interaction="false"/><pair id="DrugDDI.d418.s29.p1" e1="DrugDDI.d418.s29.e0" e2="DrugDDI.d418.s29.e2" interaction="false"/><pair id="DrugDDI.d418.s29.p2" e1="DrugDDI.d418.s29.e1" e2="DrugDDI.d418.s29.e2" interaction="true"/></sentence><sentence id="DrugDDI.d418.s30" origId="s30" text="This increase is greatest in the evening."/><sentence id="DrugDDI.d418.s31" origId="s31" text="Amphetamines may interfere with urinary steroid determinations."><entity id="DrugDDI.d418.s31.e0" origId="s31.p234" charOffset="0-12" type="drug" text="Amphetamines"/></sentence></document>