<?xml version="1.0" encoding="UTF-8"?>
<document id="DrugDDI.d350" origId="Amphotericin B"><sentence id="DrugDDI.d350.s0" origId="s0" text="When administered concurrently, the following drugs may interact with amphotericin B: Antineoplastic agents: may enhance the potential for renal toxicity, bronchospasm and hypotension."><entity id="DrugDDI.d350.s0.e0" origId="s0.p3" charOffset="46-51" type="drug" text="drugs"/><entity id="DrugDDI.d350.s0.e1" origId="s0.p6" charOffset="70-84" type="drug" text="amphotericin B"/><entity id="DrugDDI.d350.s0.e2" origId="s0.p8" charOffset="86-107" type="drug" text="Antineoplastic agents"/><pair id="DrugDDI.d350.s0.p0" e1="DrugDDI.d350.s0.e0" e2="DrugDDI.d350.s0.e1" interaction="true"/><pair id="DrugDDI.d350.s0.p1" e1="DrugDDI.d350.s0.e0" e2="DrugDDI.d350.s0.e2" interaction="false"/><pair id="DrugDDI.d350.s0.p2" e1="DrugDDI.d350.s0.e1" e2="DrugDDI.d350.s0.e2" interaction="false"/></sentence><sentence id="DrugDDI.d350.s1" origId="s1" text="Antineoplastic agents (e. g., nitrogen mustard, etc.) should be given concomitantly only with great caution."><entity id="DrugDDI.d350.s1.e0" origId="s1.p17" charOffset="0-21" type="drug" text="Antineoplastic agents"/><entity id="DrugDDI.d350.s1.e1" origId="s1.p20" charOffset="30-46" type="drug" text="nitrogen mustard"/><pair id="DrugDDI.d350.s1.p0" e1="DrugDDI.d350.s1.e0" e2="DrugDDI.d350.s1.e1" interaction="false"/></sentence><sentence id="DrugDDI.d350.s2" origId="s2" text="Corticosteroids and Corticotropin (ACTH): may potentiate amphotericin B- induced hypokalemia which may predispose the patient to cardiac dysfunction."><entity id="DrugDDI.d350.s2.e0" origId="s2.p28" charOffset="0-15" type="drug" text="Corticosteroids"/><entity id="DrugDDI.d350.s2.e1" origId="s2.p30" charOffset="20-33" type="drug" text="Corticotropin"/><entity id="DrugDDI.d350.s2.e2" origId="s2.p32" charOffset="35-39" type="drug" text="ACTH"/><entity id="DrugDDI.d350.s2.e3" origId="s2.p37" charOffset="57-71" type="drug" text="amphotericin B"/><pair id="DrugDDI.d350.s2.p0" e1="DrugDDI.d350.s2.e0" e2="DrugDDI.d350.s2.e1" interaction="false"/><pair id="DrugDDI.d350.s2.p1" e1="DrugDDI.d350.s2.e0" e2="DrugDDI.d350.s2.e2" interaction="false"/><pair id="DrugDDI.d350.s2.p2" e1="DrugDDI.d350.s2.e0" e2="DrugDDI.d350.s2.e3" interaction="false"/><pair id="DrugDDI.d350.s2.p3" e1="DrugDDI.d350.s2.e1" e2="DrugDDI.d350.s2.e2" interaction="false"/><pair id="DrugDDI.d350.s2.p4" e1="DrugDDI.d350.s2.e1" e2="DrugDDI.d350.s2.e3" interaction="false"/><pair id="DrugDDI.d350.s2.p5" e1="DrugDDI.d350.s2.e2" e2="DrugDDI.d350.s2.e3" interaction="false"/></sentence><sentence id="DrugDDI.d350.s3" origId="s3" text="Avoid concomitant use unless necessary to control side effects of amphotericin B."><entity id="DrugDDI.d350.s3.e0" origId="s3.p49" charOffset="66-80" type="drug" text="amphotericin B"/></sentence><sentence id="DrugDDI.d350.s4" origId="s4" text="If used concomitantly, closely monitor serum electrolytes and cardiac function."/><sentence id="DrugDDI.d350.s5" origId="s5" text="Digitalis glycosides: amphotericin B-induced hypokalemia may potentiate digitalis toxicity."><entity id="DrugDDI.d350.s5.e0" origId="s5.p58" charOffset="0-20" type="drug" text="Digitalis glycosides"/><entity id="DrugDDI.d350.s5.e1" origId="s5.p60" charOffset="22-36" type="drug" text="amphotericin B"/><pair id="DrugDDI.d350.s5.p0" e1="DrugDDI.d350.s5.e0" e2="DrugDDI.d350.s5.e1" interaction="false"/></sentence><sentence id="DrugDDI.d350.s6" origId="s6" text="Serum potassium levels and cardiac function should be closely monitored and any deficit promptly corrected."/><sentence id="DrugDDI.d350.s7" origId="s7" text="Flucytosine: while a synergistic relationship with amphotericin B has been reported, concomitant use may increase the toxicity of flucytosine by possibly increasing its cellular uptake and/or impairing its renal excretion."><entity id="DrugDDI.d350.s7.e0" origId="s7.p74" charOffset="0-11" type="drug" text="Flucytosine"/><entity id="DrugDDI.d350.s7.e1" origId="s7.p78" charOffset="51-65" type="drug" text="amphotericin B"/><entity id="DrugDDI.d350.s7.e2" origId="s7.p87" charOffset="130-141" type="drug" text="flucytosine"/><pair id="DrugDDI.d350.s7.p0" e1="DrugDDI.d350.s7.e0" e2="DrugDDI.d350.s7.e1" interaction="false"/><pair id="DrugDDI.d350.s7.p1" e1="DrugDDI.d350.s7.e0" e2="DrugDDI.d350.s7.e2" interaction="false"/><pair id="DrugDDI.d350.s7.p2" e1="DrugDDI.d350.s7.e1" e2="DrugDDI.d350.s7.e2" interaction="false"/></sentence><sentence id="DrugDDI.d350.s8" origId="s8" text="Imidazoles (e. g., ketoconazole, miconazole, clotrimazole, fluconazole, etc.): in vitro and animal studies with the combination of amphotericin B and imidazoles suggest that imidazoles may induce fungal resistance to amphotericin B."><entity id="DrugDDI.d350.s8.e0" origId="s8.p94" charOffset="0-10" type="drug" text="Imidazoles"/><entity id="DrugDDI.d350.s8.e1" origId="s8.p97" charOffset="19-31" type="drug" text="ketoconazole"/><entity id="DrugDDI.d350.s8.e2" origId="s8.p98" charOffset="33-43" type="drug" text="miconazole"/><entity id="DrugDDI.d350.s8.e3" origId="s8.p99" charOffset="45-57" type="drug" text="clotrimazole"/><entity id="DrugDDI.d350.s8.e4" origId="s8.p100" charOffset="59-70" type="drug" text="fluconazole"/><entity id="DrugDDI.d350.s8.e5" origId="s8.p109" charOffset="131-145" type="drug" text="amphotericin B"/><entity id="DrugDDI.d350.s8.e6" origId="s8.p111" charOffset="150-160" type="drug" text="imidazoles"/><entity id="DrugDDI.d350.s8.e7" origId="s8.p113" charOffset="174-184" type="drug" text="imidazoles"/><entity id="DrugDDI.d350.s8.e8" origId="s8.p117" charOffset="217-231" type="drug" text="amphotericin B"/><pair id="DrugDDI.d350.s8.p0" e1="DrugDDI.d350.s8.e0" e2="DrugDDI.d350.s8.e1" interaction="false"/><pair id="DrugDDI.d350.s8.p1" e1="DrugDDI.d350.s8.e0" e2="DrugDDI.d350.s8.e2" interaction="false"/><pair id="DrugDDI.d350.s8.p2" e1="DrugDDI.d350.s8.e0" e2="DrugDDI.d350.s8.e3" interaction="false"/><pair id="DrugDDI.d350.s8.p3" e1="DrugDDI.d350.s8.e0" e2="DrugDDI.d350.s8.e4" interaction="false"/><pair id="DrugDDI.d350.s8.p4" e1="DrugDDI.d350.s8.e0" e2="DrugDDI.d350.s8.e5" interaction="false"/><pair id="DrugDDI.d350.s8.p5" e1="DrugDDI.d350.s8.e0" e2="DrugDDI.d350.s8.e6" interaction="false"/><pair id="DrugDDI.d350.s8.p6" e1="DrugDDI.d350.s8.e0" e2="DrugDDI.d350.s8.e7" interaction="false"/><pair id="DrugDDI.d350.s8.p7" e1="DrugDDI.d350.s8.e0" e2="DrugDDI.d350.s8.e8" interaction="false"/><pair id="DrugDDI.d350.s8.p8" e1="DrugDDI.d350.s8.e1" e2="DrugDDI.d350.s8.e2" interaction="false"/><pair id="DrugDDI.d350.s8.p9" e1="DrugDDI.d350.s8.e1" e2="DrugDDI.d350.s8.e3" interaction="false"/><pair id="DrugDDI.d350.s8.p10" e1="DrugDDI.d350.s8.e1" e2="DrugDDI.d350.s8.e4" interaction="false"/><pair id="DrugDDI.d350.s8.p11" e1="DrugDDI.d350.s8.e1" e2="DrugDDI.d350.s8.e5" interaction="false"/><pair id="DrugDDI.d350.s8.p12" e1="DrugDDI.d350.s8.e1" e2="DrugDDI.d350.s8.e6" interaction="false"/><pair id="DrugDDI.d350.s8.p13" e1="DrugDDI.d350.s8.e1" e2="DrugDDI.d350.s8.e7" interaction="false"/><pair id="DrugDDI.d350.s8.p14" e1="DrugDDI.d350.s8.e1" e2="DrugDDI.d350.s8.e8" interaction="false"/><pair id="DrugDDI.d350.s8.p15" e1="DrugDDI.d350.s8.e2" e2="DrugDDI.d350.s8.e3" interaction="false"/><pair id="DrugDDI.d350.s8.p16" e1="DrugDDI.d350.s8.e2" e2="DrugDDI.d350.s8.e4" interaction="false"/><pair id="DrugDDI.d350.s8.p17" e1="DrugDDI.d350.s8.e2" e2="DrugDDI.d350.s8.e5" interaction="false"/><pair id="DrugDDI.d350.s8.p18" e1="DrugDDI.d350.s8.e2" e2="DrugDDI.d350.s8.e6" interaction="false"/><pair id="DrugDDI.d350.s8.p19" e1="DrugDDI.d350.s8.e2" e2="DrugDDI.d350.s8.e7" interaction="false"/><pair id="DrugDDI.d350.s8.p20" e1="DrugDDI.d350.s8.e2" e2="DrugDDI.d350.s8.e8" interaction="false"/><pair id="DrugDDI.d350.s8.p21" e1="DrugDDI.d350.s8.e3" e2="DrugDDI.d350.s8.e4" interaction="false"/><pair id="DrugDDI.d350.s8.p22" e1="DrugDDI.d350.s8.e3" e2="DrugDDI.d350.s8.e5" interaction="false"/><pair id="DrugDDI.d350.s8.p23" e1="DrugDDI.d350.s8.e3" e2="DrugDDI.d350.s8.e6" interaction="false"/><pair id="DrugDDI.d350.s8.p24" e1="DrugDDI.d350.s8.e3" e2="DrugDDI.d350.s8.e7" interaction="false"/><pair id="DrugDDI.d350.s8.p25" e1="DrugDDI.d350.s8.e3" e2="DrugDDI.d350.s8.e8" interaction="false"/><pair id="DrugDDI.d350.s8.p26" e1="DrugDDI.d350.s8.e4" e2="DrugDDI.d350.s8.e5" interaction="false"/><pair id="DrugDDI.d350.s8.p27" e1="DrugDDI.d350.s8.e4" e2="DrugDDI.d350.s8.e6" interaction="false"/><pair id="DrugDDI.d350.s8.p28" e1="DrugDDI.d350.s8.e4" e2="DrugDDI.d350.s8.e7" interaction="false"/><pair id="DrugDDI.d350.s8.p29" e1="DrugDDI.d350.s8.e4" e2="DrugDDI.d350.s8.e8" interaction="false"/><pair id="DrugDDI.d350.s8.p30" e1="DrugDDI.d350.s8.e5" e2="DrugDDI.d350.s8.e6" interaction="false"/><pair id="DrugDDI.d350.s8.p31" e1="DrugDDI.d350.s8.e5" e2="DrugDDI.d350.s8.e7" interaction="false"/><pair id="DrugDDI.d350.s8.p32" e1="DrugDDI.d350.s8.e5" e2="DrugDDI.d350.s8.e8" interaction="false"/><pair id="DrugDDI.d350.s8.p33" e1="DrugDDI.d350.s8.e6" e2="DrugDDI.d350.s8.e7" interaction="false"/><pair id="DrugDDI.d350.s8.p34" e1="DrugDDI.d350.s8.e6" e2="DrugDDI.d350.s8.e8" interaction="false"/><pair id="DrugDDI.d350.s8.p35" e1="DrugDDI.d350.s8.e7" e2="DrugDDI.d350.s8.e8" interaction="true"/></sentence><sentence id="DrugDDI.d350.s9" origId="s9" text="Combination therapy should be administered with caution, especially in immunocompromised patients."/><sentence id="DrugDDI.d350.s10" origId="s10" text="Other nephrotoxic medications: agents such as aminoglycosides, cyclosporine, and pentamidine may enhance the potential for drug-induced renal toxicity, and should be used concomitantly only with great caution."><entity id="DrugDDI.d350.s10.e0" origId="s10.p125" charOffset="6-29" type="drug" text="nephrotoxic medications"/><entity id="DrugDDI.d350.s10.e1" origId="s10.p128" charOffset="46-61" type="drug" text="aminoglycosides"/><entity id="DrugDDI.d350.s10.e2" origId="s10.p129" charOffset="63-75" type="drug" text="cyclosporine"/><entity id="DrugDDI.d350.s10.e3" origId="s10.p131" charOffset="81-92" type="drug" text="pentamidine"/><pair id="DrugDDI.d350.s10.p0" e1="DrugDDI.d350.s10.e0" e2="DrugDDI.d350.s10.e1" interaction="false"/><pair id="DrugDDI.d350.s10.p1" e1="DrugDDI.d350.s10.e0" e2="DrugDDI.d350.s10.e2" interaction="false"/><pair id="DrugDDI.d350.s10.p2" e1="DrugDDI.d350.s10.e0" e2="DrugDDI.d350.s10.e3" interaction="false"/><pair id="DrugDDI.d350.s10.p3" e1="DrugDDI.d350.s10.e1" e2="DrugDDI.d350.s10.e2" interaction="true"/><pair id="DrugDDI.d350.s10.p4" e1="DrugDDI.d350.s10.e1" e2="DrugDDI.d350.s10.e3" interaction="false"/><pair id="DrugDDI.d350.s10.p5" e1="DrugDDI.d350.s10.e2" e2="DrugDDI.d350.s10.e3" interaction="true"/></sentence><sentence id="DrugDDI.d350.s11" origId="s11" text="Intensive monitoring of renal function is recommended in patients requiring any combination of nephrotoxic medications ."><entity id="DrugDDI.d350.s11.e0" origId="s11.p149" charOffset="107-118" type="drug" text="medications"/></sentence><sentence id="DrugDDI.d350.s12" origId="s12" text="Skeletal muscle relaxants: amphotericin B-induced hypokalemia may enhance the curariform effect of skeletal muscle relaxants (e.g., tubocurarine)."><entity id="DrugDDI.d350.s12.e0" origId="s12.p150" charOffset="0-25" type="drug" text="Skeletal muscle relaxants"/><entity id="DrugDDI.d350.s12.e1" origId="s12.p152" charOffset="27-41" type="drug" text="amphotericin B"/><entity id="DrugDDI.d350.s12.e2" origId="s12.p155" charOffset="78-95" type="drug" text="curariform effect"/><entity id="DrugDDI.d350.s12.e3" origId="s12.p156" charOffset="99-124" type="drug" text="skeletal muscle relaxants"/><entity id="DrugDDI.d350.s12.e4" origId="s12.p159" charOffset="132-144" type="drug" text="tubocurarine"/><pair id="DrugDDI.d350.s12.p0" e1="DrugDDI.d350.s12.e0" e2="DrugDDI.d350.s12.e1" interaction="false"/><pair id="DrugDDI.d350.s12.p1" e1="DrugDDI.d350.s12.e0" e2="DrugDDI.d350.s12.e2" interaction="false"/><pair id="DrugDDI.d350.s12.p2" e1="DrugDDI.d350.s12.e0" e2="DrugDDI.d350.s12.e3" interaction="false"/><pair id="DrugDDI.d350.s12.p3" e1="DrugDDI.d350.s12.e0" e2="DrugDDI.d350.s12.e4" interaction="false"/><pair id="DrugDDI.d350.s12.p4" e1="DrugDDI.d350.s12.e1" e2="DrugDDI.d350.s12.e2" interaction="false"/><pair id="DrugDDI.d350.s12.p5" e1="DrugDDI.d350.s12.e1" e2="DrugDDI.d350.s12.e3" interaction="true"/><pair id="DrugDDI.d350.s12.p6" e1="DrugDDI.d350.s12.e1" e2="DrugDDI.d350.s12.e4" interaction="false"/><pair id="DrugDDI.d350.s12.p7" e1="DrugDDI.d350.s12.e2" e2="DrugDDI.d350.s12.e3" interaction="false"/><pair id="DrugDDI.d350.s12.p8" e1="DrugDDI.d350.s12.e2" e2="DrugDDI.d350.s12.e4" interaction="false"/><pair id="DrugDDI.d350.s12.p9" e1="DrugDDI.d350.s12.e3" e2="DrugDDI.d350.s12.e4" interaction="false"/></sentence><sentence id="DrugDDI.d350.s13" origId="s13" text="Serum potassium levels should be monitored and deficiencies corrected."/><sentence id="DrugDDI.d350.s14" origId="s14" text="Leukocyte transfusions: acute pulmonary toxicity has been reported in patients receiving intravenous amphotericin B and leukocyte transfusions."><entity id="DrugDDI.d350.s14.e0" origId="s14.p176" charOffset="101-115" type="drug" text="amphotericin B"/></sentence></document>