<?xml version="1.0" encoding="UTF-8"?>
<document id="DrugDDI.d282" origId="Anisindione"><sentence id="DrugDDI.d282.s0" origId="s0" text="Addition or deletion of any drug from the therapeutic regimen of patients receiving oral anticoagulants may affect patient response to the anticoagulant."><entity id="DrugDDI.d282.s0.e0" origId="s0.p3" charOffset="28-32" type="drug" text="drug"/><entity id="DrugDDI.d282.s0.e1" origId="s0.p7" charOffset="84-103" type="drug" text="oral anticoagulants"/><entity id="DrugDDI.d282.s0.e2" origId="s0.p11" charOffset="139-152" type="drug" text="anticoagulant"/><pair id="DrugDDI.d282.s0.p0" e1="DrugDDI.d282.s0.e0" e2="DrugDDI.d282.s0.e1" interaction="true"/><pair id="DrugDDI.d282.s0.p1" e1="DrugDDI.d282.s0.e0" e2="DrugDDI.d282.s0.e2" interaction="false"/><pair id="DrugDDI.d282.s0.p2" e1="DrugDDI.d282.s0.e1" e2="DrugDDI.d282.s0.e2" interaction="false"/></sentence><sentence id="DrugDDI.d282.s1" origId="s1" text="Frequent determination of prothrombin time and close monitoring of the patient is essential to ascertain when adjustment of dosage of anticoagulant may be needed."><entity id="DrugDDI.d282.s1.e0" origId="s1.p23" charOffset="134-147" type="drug" text="anticoagulant"/></sentence><sentence id="DrugDDI.d282.s2" origId="s2" text="Because of the variability of individual patient response, multiple interacting mechanisms with some drugs, the dependency of the extent of the interaction on the dosage and duration of therapy, and the possible administration of several interacting drugs simultaneously, it is difficult to predict the direction and degree of the ultimate effect of concomitant medications on anticoagulant response."><entity id="DrugDDI.d282.s2.e0" origId="s2.p30" charOffset="101-106" type="drug" text="drugs"/><entity id="DrugDDI.d282.s2.e1" origId="s2.p40" charOffset="250-255" type="drug" text="drugs"/><entity id="DrugDDI.d282.s2.e2" origId="s2.p49" charOffset="362-373" type="drug" text="medications"/><entity id="DrugDDI.d282.s2.e3" origId="s2.p50" charOffset="377-390" type="drug" text="anticoagulant"/><pair id="DrugDDI.d282.s2.p0" e1="DrugDDI.d282.s2.e0" e2="DrugDDI.d282.s2.e1" interaction="false"/><pair id="DrugDDI.d282.s2.p1" e1="DrugDDI.d282.s2.e0" e2="DrugDDI.d282.s2.e2" interaction="false"/><pair id="DrugDDI.d282.s2.p2" e1="DrugDDI.d282.s2.e0" e2="DrugDDI.d282.s2.e3" interaction="false"/><pair id="DrugDDI.d282.s2.p3" e1="DrugDDI.d282.s2.e1" e2="DrugDDI.d282.s2.e2" interaction="false"/><pair id="DrugDDI.d282.s2.p4" e1="DrugDDI.d282.s2.e1" e2="DrugDDI.d282.s2.e3" interaction="false"/><pair id="DrugDDI.d282.s2.p5" e1="DrugDDI.d282.s2.e2" e2="DrugDDI.d282.s2.e3" interaction="false"/></sentence><sentence id="DrugDDI.d282.s3" origId="s3" text="For example, since cholestyramine may reduce the gastrointestinal absorption of both the oral anticoagulants and vitamin K, the net effects are unpredictable."><entity id="DrugDDI.d282.s3.e0" origId="s3.p53" charOffset="19-33" type="drug" text="cholestyramine"/><entity id="DrugDDI.d282.s3.e1" origId="s3.p58" charOffset="89-108" type="drug" text="oral anticoagulants"/><entity id="DrugDDI.d282.s3.e2" origId="s3.p60" charOffset="113-122" type="drug" text="vitamin K"/><entity id="DrugDDI.d282.s3.e3" origId="s3.p61" charOffset="128-131" type="drug" text="net"/><pair id="DrugDDI.d282.s3.p0" e1="DrugDDI.d282.s3.e0" e2="DrugDDI.d282.s3.e1" interaction="true"/><pair id="DrugDDI.d282.s3.p1" e1="DrugDDI.d282.s3.e0" e2="DrugDDI.d282.s3.e2" interaction="false"/><pair id="DrugDDI.d282.s3.p2" e1="DrugDDI.d282.s3.e0" e2="DrugDDI.d282.s3.e3" interaction="false"/><pair id="DrugDDI.d282.s3.p3" e1="DrugDDI.d282.s3.e1" e2="DrugDDI.d282.s3.e2" interaction="false"/><pair id="DrugDDI.d282.s3.p4" e1="DrugDDI.d282.s3.e1" e2="DrugDDI.d282.s3.e3" interaction="false"/><pair id="DrugDDI.d282.s3.p5" e1="DrugDDI.d282.s3.e2" e2="DrugDDI.d282.s3.e3" interaction="false"/></sentence><sentence id="DrugDDI.d282.s4" origId="s4" text="Chloral hydrate may cause an increased prothrombin response by displacing the anticoagulant from protein binding sites or a diminished prothrombin response through increased metabolism of the unbound drug by hepatic enzyme induction, thus leading to inter-patient variation in ultimate prothrombin effect."><entity id="DrugDDI.d282.s4.e0" origId="s4.p64" charOffset="0-15" type="drug" text="Chloral hydrate"/><entity id="DrugDDI.d282.s4.e1" origId="s4.p67" charOffset="39-50" type="drug" text="prothrombin"/><entity id="DrugDDI.d282.s4.e2" origId="s4.p68" charOffset="78-91" type="drug" text="anticoagulant"/><entity id="DrugDDI.d282.s4.e3" origId="s4.p69" charOffset="97-104" type="drug" text="protein"/><entity id="DrugDDI.d282.s4.e4" origId="s4.p71" charOffset="135-146" type="drug" text="prothrombin"/><entity id="DrugDDI.d282.s4.e5" origId="s4.p73" charOffset="200-204" type="drug" text="drug"/><entity id="DrugDDI.d282.s4.e6" origId="s4.p77" charOffset="286-297" type="drug" text="prothrombin"/><pair id="DrugDDI.d282.s4.p0" e1="DrugDDI.d282.s4.e0" e2="DrugDDI.d282.s4.e1" interaction="false"/><pair id="DrugDDI.d282.s4.p1" e1="DrugDDI.d282.s4.e0" e2="DrugDDI.d282.s4.e2" interaction="true"/><pair id="DrugDDI.d282.s4.p2" e1="DrugDDI.d282.s4.e0" e2="DrugDDI.d282.s4.e3" interaction="false"/><pair id="DrugDDI.d282.s4.p3" e1="DrugDDI.d282.s4.e0" e2="DrugDDI.d282.s4.e4" interaction="false"/><pair id="DrugDDI.d282.s4.p4" e1="DrugDDI.d282.s4.e0" e2="DrugDDI.d282.s4.e5" interaction="false"/><pair id="DrugDDI.d282.s4.p5" e1="DrugDDI.d282.s4.e0" e2="DrugDDI.d282.s4.e6" interaction="false"/><pair id="DrugDDI.d282.s4.p6" e1="DrugDDI.d282.s4.e1" e2="DrugDDI.d282.s4.e2" interaction="false"/><pair id="DrugDDI.d282.s4.p7" e1="DrugDDI.d282.s4.e1" e2="DrugDDI.d282.s4.e3" interaction="false"/><pair id="DrugDDI.d282.s4.p8" e1="DrugDDI.d282.s4.e1" e2="DrugDDI.d282.s4.e4" interaction="false"/><pair id="DrugDDI.d282.s4.p9" e1="DrugDDI.d282.s4.e1" e2="DrugDDI.d282.s4.e5" interaction="false"/><pair id="DrugDDI.d282.s4.p10" e1="DrugDDI.d282.s4.e1" e2="DrugDDI.d282.s4.e6" interaction="false"/><pair id="DrugDDI.d282.s4.p11" e1="DrugDDI.d282.s4.e2" e2="DrugDDI.d282.s4.e3" interaction="false"/><pair id="DrugDDI.d282.s4.p12" e1="DrugDDI.d282.s4.e2" e2="DrugDDI.d282.s4.e4" interaction="false"/><pair id="DrugDDI.d282.s4.p13" e1="DrugDDI.d282.s4.e2" e2="DrugDDI.d282.s4.e5" interaction="false"/><pair id="DrugDDI.d282.s4.p14" e1="DrugDDI.d282.s4.e2" e2="DrugDDI.d282.s4.e6" interaction="false"/><pair id="DrugDDI.d282.s4.p15" e1="DrugDDI.d282.s4.e3" e2="DrugDDI.d282.s4.e4" interaction="false"/><pair id="DrugDDI.d282.s4.p16" e1="DrugDDI.d282.s4.e3" e2="DrugDDI.d282.s4.e5" interaction="false"/><pair id="DrugDDI.d282.s4.p17" e1="DrugDDI.d282.s4.e3" e2="DrugDDI.d282.s4.e6" interaction="false"/><pair id="DrugDDI.d282.s4.p18" e1="DrugDDI.d282.s4.e4" e2="DrugDDI.d282.s4.e5" interaction="false"/><pair id="DrugDDI.d282.s4.p19" e1="DrugDDI.d282.s4.e4" e2="DrugDDI.d282.s4.e6" interaction="false"/><pair id="DrugDDI.d282.s4.p20" e1="DrugDDI.d282.s4.e5" e2="DrugDDI.d282.s4.e6" interaction="false"/></sentence><sentence id="DrugDDI.d282.s5" origId="s5" text="An interacting drug which leads to a decrease in prothrombin time necessitating an increased dose of oral anticoagulant to maintain an adequate degree of anticoagulation may, if abruptly discontinued, increase the risk of subsequent bleeding."><entity id="DrugDDI.d282.s5.e0" origId="s5.p78" charOffset="15-19" type="drug" text="drug"/><entity id="DrugDDI.d282.s5.e1" origId="s5.p85" charOffset="101-120" type="drug" text="oral anticoagulant"/><pair id="DrugDDI.d282.s5.p0" e1="DrugDDI.d282.s5.e0" e2="DrugDDI.d282.s5.e1" interaction="false"/></sentence><sentence id="DrugDDI.d282.s6" origId="s6" text="Drugs that have been reported to diminish oral anticoagulant response, ie, decreased prothrom-bin time response, in man significantly include: adrenocortical steroids;"><entity id="DrugDDI.d282.s6.e0" origId="s6.p98" charOffset="0-5" type="drug" text="Drugs"/><entity id="DrugDDI.d282.s6.e1" origId="s6.p105" charOffset="42-61" type="drug" text="oral anticoagulant"/><pair id="DrugDDI.d282.s6.p0" e1="DrugDDI.d282.s6.e0" e2="DrugDDI.d282.s6.e1" interaction="true"/></sentence><sentence id="DrugDDI.d282.s7" origId="s7" text="alcohol*;"><entity id="DrugDDI.d282.s7.e0" origId="s7.p113" charOffset="0-7" type="drug" text="alcohol"/></sentence><sentence id="DrugDDI.d282.s8" origId="s8" text="antacids;"><entity id="DrugDDI.d282.s8.e0" origId="s8.p115" charOffset="0-8" type="drug" text="antacids"/></sentence><sentence id="DrugDDI.d282.s9" origId="s9" text="antihistamines;"><entity id="DrugDDI.d282.s9.e0" origId="s9.p117" charOffset="0-14" type="drug" text="antihistamines"/></sentence><sentence id="DrugDDI.d282.s10" origId="s10" text="barbiturates;"><entity id="DrugDDI.d282.s10.e0" origId="s10.p119" charOffset="0-12" type="drug" text="barbiturates"/></sentence><sentence id="DrugDDI.d282.s11" origId="s11" text="carbamazepine;"><entity id="DrugDDI.d282.s11.e0" origId="s11.p121" charOffset="0-13" type="drug" text="carbamazepine"/></sentence><sentence id="DrugDDI.d282.s12" origId="s12" text="chloral hydrate*;"><entity id="DrugDDI.d282.s12.e0" origId="s12.p123" charOffset="0-15" type="drug" text="chloral hydrate"/></sentence><sentence id="DrugDDI.d282.s13" origId="s13" text="chlordiazepoxide;"><entity id="DrugDDI.d282.s13.e0" origId="s13.p125" charOffset="0-16" type="drug" text="chlordiazepoxide"/></sentence><sentence id="DrugDDI.d282.s14" origId="s14" text="cholestyramine;"><entity id="DrugDDI.d282.s14.e0" origId="s14.p127" charOffset="0-14" type="drug" text="cholestyramine"/></sentence><sentence id="DrugDDI.d282.s15" origId="s15" text="diet high in vitamin K;"><entity id="DrugDDI.d282.s15.e0" origId="s15.p130" charOffset="13-22" type="drug" text="vitamin K"/></sentence><sentence id="DrugDDI.d282.s16" origId="s16" text="diuretics*;"><entity id="DrugDDI.d282.s16.e0" origId="s16.p132" charOffset="0-9" type="drug" text="diuretics"/></sentence><sentence id="DrugDDI.d282.s17" origId="s17" text="ethchlorvynol;"><entity id="DrugDDI.d282.s17.e0" origId="s17.p134" charOffset="0-13" type="drug" text="ethchlorvynol"/></sentence><sentence id="DrugDDI.d282.s18" origId="s18" text="glu-tethimide;"><entity id="DrugDDI.d282.s18.e0" origId="s18.p136" charOffset="0-3" type="drug" text="glu"/></sentence><sentence id="DrugDDI.d282.s19" origId="s19" text="griseofulvin;"><entity id="DrugDDI.d282.s19.e0" origId="s19.p138" charOffset="0-12" type="drug" text="griseofulvin"/></sentence><sentence id="DrugDDI.d282.s20" origId="s20" text="haloperidol;"><entity id="DrugDDI.d282.s20.e0" origId="s20.p140" charOffset="0-11" type="drug" text="haloperidol"/></sentence><sentence id="DrugDDI.d282.s21" origId="s21" text="meprobamate;"><entity id="DrugDDI.d282.s21.e0" origId="s21.p142" charOffset="0-11" type="drug" text="meprobamate"/></sentence><sentence id="DrugDDI.d282.s22" origId="s22" text="oral contraceptives;"><entity id="DrugDDI.d282.s22.e0" origId="s22.p144" charOffset="0-19" type="drug" text="oral contraceptives"/></sentence><sentence id="DrugDDI.d282.s23" origId="s23" text="paraldehyde;"><entity id="DrugDDI.d282.s23.e0" origId="s23.p146" charOffset="0-11" type="drug" text="paraldehyde"/></sentence><sentence id="DrugDDI.d282.s24" origId="s24" text="primidone;"><entity id="DrugDDI.d282.s24.e0" origId="s24.p148" charOffset="0-9" type="drug" text="primidone"/></sentence><sentence id="DrugDDI.d282.s25" origId="s25" text="ranitidine*;"><entity id="DrugDDI.d282.s25.e0" origId="s25.p150" charOffset="0-10" type="drug" text="ranitidine"/></sentence><sentence id="DrugDDI.d282.s26" origId="s26" text="rifampin;"><entity id="DrugDDI.d282.s26.e0" origId="s26.p152" charOffset="0-8" type="drug" text="rifampin"/></sentence><sentence id="DrugDDI.d282.s27" origId="s27" text="unreliable prothrombin time determinations;"/><sentence id="DrugDDI.d282.s28" origId="s28" text="vitamin C;"><entity id="DrugDDI.d282.s28.e0" origId="s28.p156" charOffset="0-9" type="drug" text="vitamin C"/></sentence><sentence id="DrugDDI.d282.s29" origId="s29" text="warfarin sodium under-dosage."><entity id="DrugDDI.d282.s29.e0" origId="s29.p158" charOffset="0-15" type="drug" text="warfarin sodium"/></sentence><sentence id="DrugDDI.d282.s30" origId="s30" text="Drugs that reportedly may increase oral anticoagulant response, ie, increased prothrombin response, in man include:alcohol*;"><entity id="DrugDDI.d282.s30.e0" origId="s30.p159" charOffset="0-5" type="drug" text="Drugs"/><entity id="DrugDDI.d282.s30.e1" origId="s30.p163" charOffset="35-54" type="drug" text="oral anticoagulant"/><entity id="DrugDDI.d282.s30.e2" origId="s30.p165" charOffset="78-89" type="drug" text="prothrombin"/><entity id="DrugDDI.d282.s30.e3" origId="s30.p169" charOffset="115-122" type="drug" text="alcohol"/><pair id="DrugDDI.d282.s30.p0" e1="DrugDDI.d282.s30.e0" e2="DrugDDI.d282.s30.e1" interaction="true"/><pair id="DrugDDI.d282.s30.p1" e1="DrugDDI.d282.s30.e0" e2="DrugDDI.d282.s30.e2" interaction="false"/><pair id="DrugDDI.d282.s30.p2" e1="DrugDDI.d282.s30.e0" e2="DrugDDI.d282.s30.e3" interaction="false"/><pair id="DrugDDI.d282.s30.p3" e1="DrugDDI.d282.s30.e1" e2="DrugDDI.d282.s30.e2" interaction="false"/><pair id="DrugDDI.d282.s30.p4" e1="DrugDDI.d282.s30.e1" e2="DrugDDI.d282.s30.e3" interaction="false"/><pair id="DrugDDI.d282.s30.p5" e1="DrugDDI.d282.s30.e2" e2="DrugDDI.d282.s30.e3" interaction="false"/></sentence><sentence id="DrugDDI.d282.s31" origId="s31" text="allopurinol;"><entity id="DrugDDI.d282.s31.e0" origId="s31.p171" charOffset="0-11" type="drug" text="allopurinol"/></sentence><sentence id="DrugDDI.d282.s32" origId="s32" text="aminosalicylic acid;"><entity id="DrugDDI.d282.s32.e0" origId="s32.p173" charOffset="0-19" type="drug" text="aminosalicylic acid"/></sentence><sentence id="DrugDDI.d282.s33" origId="s33" text="amiodarone;"><entity id="DrugDDI.d282.s33.e0" origId="s33.p175" charOffset="0-10" type="drug" text="amiodarone"/></sentence><sentence id="DrugDDI.d282.s34" origId="s34" text="anabolic steroids;"><entity id="DrugDDI.d282.s34.e0" origId="s34.p177" charOffset="0-17" type="drug" text="anabolic steroids"/></sentence><sentence id="DrugDDI.d282.s35" origId="s35" text="antibiotics;"><entity id="DrugDDI.d282.s35.e0" origId="s35.p179" charOffset="0-11" type="drug" text="antibiotics"/></sentence><sentence id="DrugDDI.d282.s36" origId="s36" text="bromelains;"><entity id="DrugDDI.d282.s36.e0" origId="s36.p181" charOffset="0-10" type="drug" text="bromelains"/></sentence><sentence id="DrugDDI.d282.s37" origId="s37" text="chloral hydrate*;"><entity id="DrugDDI.d282.s37.e0" origId="s37.p183" charOffset="0-15" type="drug" text="chloral hydrate"/></sentence><sentence id="DrugDDI.d282.s38" origId="s38" text="chlorpro-pamide;"><entity id="DrugDDI.d282.s38.e0" origId="s38.p185" charOffset="0-8" type="drug" text="chlorpro"/></sentence><sentence id="DrugDDI.d282.s39" origId="s39" text="chymotrypsin;"><entity id="DrugDDI.d282.s39.e0" origId="s39.p187" charOffset="0-12" type="drug" text="chymotrypsin"/></sentence><sentence id="DrugDDI.d282.s40" origId="s40" text="cimetidine;"><entity id="DrugDDI.d282.s40.e0" origId="s40.p189" charOffset="0-10" type="drug" text="cimetidine"/></sentence><sentence id="DrugDDI.d282.s41" origId="s41" text="cinchophen;"><entity id="DrugDDI.d282.s41.e0" origId="s41.p191" charOffset="0-10" type="drug" text="cinchophen"/></sentence><sentence id="DrugDDI.d282.s42" origId="s42" text="clofibrate;"><entity id="DrugDDI.d282.s42.e0" origId="s42.p193" charOffset="0-10" type="drug" text="clofibrate"/></sentence><sentence id="DrugDDI.d282.s43" origId="s43" text="dextran;"><entity id="DrugDDI.d282.s43.e0" origId="s43.p195" charOffset="0-7" type="drug" text="dextran"/></sentence><sentence id="DrugDDI.d282.s44" origId="s44" text="dextrothyroxine;"><entity id="DrugDDI.d282.s44.e0" origId="s44.p197" charOffset="0-15" type="drug" text="dextrothyroxine"/></sentence><sentence id="DrugDDI.d282.s45" origId="s45" text="diazoxide;"><entity id="DrugDDI.d282.s45.e0" origId="s45.p199" charOffset="0-9" type="drug" text="diazoxide"/></sentence><sentence id="DrugDDI.d282.s46" origId="s46" text="die-tarydeficiencies;"/><sentence id="DrugDDI.d282.s47" origId="s47" text="diflunisal;"><entity id="DrugDDI.d282.s47.e0" origId="s47.p203" charOffset="0-10" type="drug" text="diflunisal"/></sentence><sentence id="DrugDDI.d282.s48" origId="s48" text="diuretics*;"><entity id="DrugDDI.d282.s48.e0" origId="s48.p205" charOffset="0-9" type="drug" text="diuretics"/></sentence><sentence id="DrugDDI.d282.s49" origId="s49" text="disulfiram;"><entity id="DrugDDI.d282.s49.e0" origId="s49.p207" charOffset="0-10" type="drug" text="disulfiram"/></sentence><sentence id="DrugDDI.d282.s50" origId="s50" text="drugs affecting blood elements;"><entity id="DrugDDI.d282.s50.e0" origId="s50.p209" charOffset="0-5" type="drug" text="drugs"/></sentence><sentence id="DrugDDI.d282.s51" origId="s51" text="ethacrynic acid;"><entity id="DrugDDI.d282.s51.e0" origId="s51.p213" charOffset="0-15" type="drug" text="ethacrynic acid"/></sentence><sentence id="DrugDDI.d282.s52" origId="s52" text="fenoprofen;"><entity id="DrugDDI.d282.s52.e0" origId="s52.p215" charOffset="0-10" type="drug" text="fenoprofen"/></sentence><sentence id="DrugDDI.d282.s53" origId="s53" text="glucagon;"><entity id="DrugDDI.d282.s53.e0" origId="s53.p217" charOffset="0-8" type="drug" text="glucagon"/></sentence><sentence id="DrugDDI.d282.s54" origId="s54" text="hepatotoxic drugs;"><entity id="DrugDDI.d282.s54.e0" origId="s54.p219" charOffset="12-17" type="drug" text="drugs"/></sentence><sentence id="DrugDDI.d282.s55" origId="s55" text="ibuprofen;"><entity id="DrugDDI.d282.s55.e0" origId="s55.p221" charOffset="0-9" type="drug" text="ibuprofen"/></sentence><sentence id="DrugDDI.d282.s56" origId="s56" text="indomethacin;"><entity id="DrugDDI.d282.s56.e0" origId="s56.p223" charOffset="0-12" type="drug" text="indomethacin"/></sentence><sentence id="DrugDDI.d282.s57" origId="s57" text="influenza virus vaccine;"><entity id="DrugDDI.d282.s57.e0" origId="s57.p225" charOffset="0-23" type="drug" text="influenza virus vaccine"/></sentence><sentence id="DrugDDI.d282.s58" origId="s58" text="inhalation anesthetics;"><entity id="DrugDDI.d282.s58.e0" origId="s58.p227" charOffset="11-22" type="drug" text="anesthetics"/></sentence><sentence id="DrugDDI.d282.s59" origId="s59" text="mefenamic acid;"><entity id="DrugDDI.d282.s59.e0" origId="s59.p229" charOffset="0-14" type="drug" text="mefenamic acid"/></sentence><sentence id="DrugDDI.d282.s60" origId="s60" text="methyldopa;"><entity id="DrugDDI.d282.s60.e0" origId="s60.p231" charOffset="0-10" type="drug" text="methyldopa"/></sentence><sentence id="DrugDDI.d282.s61" origId="s61" text="methylphenidate;"><entity id="DrugDDI.d282.s61.e0" origId="s61.p233" charOffset="0-15" type="drug" text="methylphenidate"/></sentence><sentence id="DrugDDI.d282.s62" origId="s62" text="metronidazole;"><entity id="DrugDDI.d282.s62.e0" origId="s62.p235" charOffset="0-13" type="drug" text="metronidazole"/></sentence><sentence id="DrugDDI.d282.s63" origId="s63" text="miconazole;"><entity id="DrugDDI.d282.s63.e0" origId="s63.p237" charOffset="0-10" type="drug" text="miconazole"/></sentence><sentence id="DrugDDI.d282.s64" origId="s64" text="monoamine oxidase inhibitors;"><entity id="DrugDDI.d282.s64.e0" origId="s64.p239" charOffset="0-28" type="drug" text="monoamine oxidase inhibitors"/></sentence><sentence id="DrugDDI.d282.s65" origId="s65" text="nalidixic acid;"><entity id="DrugDDI.d282.s65.e0" origId="s65.p241" charOffset="0-14" type="drug" text="nalidixic acid"/></sentence><sentence id="DrugDDI.d282.s66" origId="s66" text="naproxen;"><entity id="DrugDDI.d282.s66.e0" origId="s66.p243" charOffset="0-8" type="drug" text="naproxen"/></sentence><sentence id="DrugDDI.d282.s67" origId="s67" text="oxolinic acid;"><entity id="DrugDDI.d282.s67.e0" origId="s67.p245" charOffset="0-13" type="drug" text="oxolinic acid"/></sentence><sentence id="DrugDDI.d282.s68" origId="s68" text="oxyphenbutazone;"><entity id="DrugDDI.d282.s68.e0" origId="s68.p247" charOffset="0-15" type="drug" text="oxyphenbutazone"/></sentence><sentence id="DrugDDI.d282.s69" origId="s69" text="pent-oxifylline;"/><sentence id="DrugDDI.d282.s70" origId="s70" text="phenylbutazone;"><entity id="DrugDDI.d282.s70.e0" origId="s70.p251" charOffset="0-14" type="drug" text="phenylbutazone"/></sentence><sentence id="DrugDDI.d282.s71" origId="s71" text="phenyramidol;"><entity id="DrugDDI.d282.s71.e0" origId="s71.p253" charOffset="0-12" type="drug" text="phenyramidol"/></sentence><sentence id="DrugDDI.d282.s72" origId="s72" text="pheny-toin;"/><sentence id="DrugDDI.d282.s73" origId="s73" text="prolonged hot weather;"/><sentence id="DrugDDI.d282.s74" origId="s74" text="prolonged narcotics;"><entity id="DrugDDI.d282.s74.e0" origId="s74.p259" charOffset="10-19" type="drug" text="narcotics"/></sentence><sentence id="DrugDDI.d282.s75" origId="s75" text="pyrazolones;"/><sentence id="DrugDDI.d282.s76" origId="s76" text="quinidine;"><entity id="DrugDDI.d282.s76.e0" origId="s76.p263" charOffset="0-9" type="drug" text="quinidine"/></sentence><sentence id="DrugDDI.d282.s77" origId="s77" text="quinine;"><entity id="DrugDDI.d282.s77.e0" origId="s77.p265" charOffset="0-7" type="drug" text="quinine"/></sentence><sentence id="DrugDDI.d282.s78" origId="s78" text="ranitidine*;"><entity id="DrugDDI.d282.s78.e0" origId="s78.p267" charOffset="0-10" type="drug" text="ranitidine"/></sentence><sentence id="DrugDDI.d282.s79" origId="s79" text="sali-cylates;sulfinpyrazone;"><entity id="DrugDDI.d282.s79.e0" origId="s79.p269" charOffset="5-11" type="drug" text="cylate"/><entity id="DrugDDI.d282.s79.e1" origId="s79.p271" charOffset="13-27" type="drug" text="sulfinpyrazone"/><pair id="DrugDDI.d282.s79.p0" e1="DrugDDI.d282.s79.e0" e2="DrugDDI.d282.s79.e1" interaction="false"/></sentence><sentence id="DrugDDI.d282.s80" origId="s80" text="sulfonamides, long acting;"><entity id="DrugDDI.d282.s80.e0" origId="s80.p273" charOffset="0-12" type="drug" text="sulfonamides"/></sentence><sentence id="DrugDDI.d282.s81" origId="s81" text="sulindac;"><entity id="DrugDDI.d282.s81.e0" origId="s81.p276" charOffset="0-8" type="drug" text="sulindac"/></sentence><sentence id="DrugDDI.d282.s82" origId="s82" text="thyroid drugs;"><entity id="DrugDDI.d282.s82.e0" origId="s82.p278" charOffset="0-12" type="drug" text="thyroid drug"/></sentence><sentence id="DrugDDI.d282.s83" origId="s83" text="tolbutamide;"><entity id="DrugDDI.d282.s83.e0" origId="s83.p280" charOffset="0-11" type="drug" text="tolbutamide"/></sentence><sentence id="DrugDDI.d282.s84" origId="s84" text="triclofos sodium;"><entity id="DrugDDI.d282.s84.e0" origId="s84.p282" charOffset="0-16" type="drug" text="triclofos sodium"/></sentence><sentence id="DrugDDI.d282.s85" origId="s85" text="trimethoprim/sulfamethoxazole;"><entity id="DrugDDI.d282.s85.e0" origId="s85.p284" charOffset="0-12" type="drug" text="trimethoprim"/><entity id="DrugDDI.d282.s85.e1" origId="s85.p285" charOffset="13-29" type="drug" text="sulfamethoxazole"/><pair id="DrugDDI.d282.s85.p0" e1="DrugDDI.d282.s85.e0" e2="DrugDDI.d282.s85.e1" interaction="false"/></sentence><sentence id="DrugDDI.d282.s86" origId="s86" text="unreliable prothrombin time determinations;"/><sentence id="DrugDDI.d282.s87" origId="s87" text="warfarin sodium overdosage."><entity id="DrugDDI.d282.s87.e0" origId="s87.p289" charOffset="9-15" type="drug" text="sodium"/></sentence><sentence id="DrugDDI.d282.s88" origId="s88" text="Oral anticoagulants may potentiate the hypoglycemic action of hypoglycemic agents, eg, tolbut-amide and chlorpropamide, by inhibiting their metabolism in the liver."><entity id="DrugDDI.d282.s88.e0" origId="s88.p290" charOffset="0-19" type="drug" text="Oral anticoagulants"/><entity id="DrugDDI.d282.s88.e1" origId="s88.p293" charOffset="39-58" type="drug" text="hypoglycemic action"/><entity id="DrugDDI.d282.s88.e2" origId="s88.p294" charOffset="62-81" type="drug" text="hypoglycemic agents"/><entity id="DrugDDI.d282.s88.e3" origId="s88.p298" charOffset="104-118" type="drug" text="chlorpropamide"/><entity id="DrugDDI.d282.s88.e4" origId="s88.p301" charOffset="158-163" type="drug" text="liver"/><pair id="DrugDDI.d282.s88.p0" e1="DrugDDI.d282.s88.e0" e2="DrugDDI.d282.s88.e1" interaction="false"/><pair id="DrugDDI.d282.s88.p1" e1="DrugDDI.d282.s88.e0" e2="DrugDDI.d282.s88.e2" interaction="true"/><pair id="DrugDDI.d282.s88.p2" e1="DrugDDI.d282.s88.e0" e2="DrugDDI.d282.s88.e3" interaction="false"/><pair id="DrugDDI.d282.s88.p3" e1="DrugDDI.d282.s88.e0" e2="DrugDDI.d282.s88.e4" interaction="false"/><pair id="DrugDDI.d282.s88.p4" e1="DrugDDI.d282.s88.e1" e2="DrugDDI.d282.s88.e2" interaction="false"/><pair id="DrugDDI.d282.s88.p5" e1="DrugDDI.d282.s88.e1" e2="DrugDDI.d282.s88.e3" interaction="false"/><pair id="DrugDDI.d282.s88.p6" e1="DrugDDI.d282.s88.e1" e2="DrugDDI.d282.s88.e4" interaction="false"/><pair id="DrugDDI.d282.s88.p7" e1="DrugDDI.d282.s88.e2" e2="DrugDDI.d282.s88.e3" interaction="false"/><pair id="DrugDDI.d282.s88.p8" e1="DrugDDI.d282.s88.e2" e2="DrugDDI.d282.s88.e4" interaction="false"/><pair id="DrugDDI.d282.s88.p9" e1="DrugDDI.d282.s88.e3" e2="DrugDDI.d282.s88.e4" interaction="false"/></sentence><sentence id="DrugDDI.d282.s89" origId="s89" text="Because oral anticoagulants may interfere with the hepatic metabolism of phenytoin, toxic levels of the anticonvulsant may occur when an oral anticoagulant and pheny-toin are administered concurrently."><entity id="DrugDDI.d282.s89.e0" origId="s89.p303" charOffset="8-27" type="drug" text="oral anticoagulants"/><entity id="DrugDDI.d282.s89.e1" origId="s89.p307" charOffset="73-82" type="drug" text="phenytoin"/><entity id="DrugDDI.d282.s89.e2" origId="s89.p309" charOffset="104-118" type="drug" text="anticonvulsant"/><entity id="DrugDDI.d282.s89.e3" origId="s89.p313" charOffset="137-156" type="drug" text="oral anticoagulant"/><pair id="DrugDDI.d282.s89.p0" e1="DrugDDI.d282.s89.e0" e2="DrugDDI.d282.s89.e1" interaction="true"/><pair id="DrugDDI.d282.s89.p1" e1="DrugDDI.d282.s89.e0" e2="DrugDDI.d282.s89.e2" interaction="false"/><pair id="DrugDDI.d282.s89.p2" e1="DrugDDI.d282.s89.e0" e2="DrugDDI.d282.s89.e3" interaction="false"/><pair id="DrugDDI.d282.s89.p3" e1="DrugDDI.d282.s89.e1" e2="DrugDDI.d282.s89.e2" interaction="false"/><pair id="DrugDDI.d282.s89.p4" e1="DrugDDI.d282.s89.e1" e2="DrugDDI.d282.s89.e3" interaction="false"/><pair id="DrugDDI.d282.s89.p5" e1="DrugDDI.d282.s89.e2" e2="DrugDDI.d282.s89.e3" interaction="false"/></sentence><sentence id="DrugDDI.d282.s90" origId="s90" text="Drugs that reduce the number of blood platelets by causing bone marrow depression (such as antineoplastic agents) or drugs which inhibit platelet function (eg, aspirin and other non-steroidal anti-inflammatory drugs, dipyridamole, hydrochloroquine, clofibrate, dextran) may increase the bleeding tendency produced by anticoagulants without altering prothrombin time determinations."><entity id="DrugDDI.d282.s90.e0" origId="s90.p319" charOffset="0-5" type="drug" text="Drugs"/><entity id="DrugDDI.d282.s90.e1" origId="s90.p326" charOffset="91-112" type="drug" text="antineoplastic agents"/><entity id="DrugDDI.d282.s90.e2" origId="s90.p329" charOffset="117-122" type="drug" text="drugs"/><entity id="DrugDDI.d282.s90.e3" origId="s90.p335" charOffset="160-167" type="drug" text="aspirin"/><entity id="DrugDDI.d282.s90.e4" origId="s90.p337" charOffset="178-215" type="drug" text="non-steroidal anti-inflammatory drugs"/><entity id="DrugDDI.d282.s90.e5" origId="s90.p338" charOffset="217-229" type="drug" text="dipyridamole"/><entity id="DrugDDI.d282.s90.e6" origId="s90.p340" charOffset="249-259" type="drug" text="clofibrate"/><entity id="DrugDDI.d282.s90.e7" origId="s90.p341" charOffset="261-268" type="drug" text="dextran"/><entity id="DrugDDI.d282.s90.e8" origId="s90.p347" charOffset="317-331" type="drug" text="anticoagulants"/><pair id="DrugDDI.d282.s90.p0" e1="DrugDDI.d282.s90.e0" e2="DrugDDI.d282.s90.e1" interaction="false"/><pair id="DrugDDI.d282.s90.p1" e1="DrugDDI.d282.s90.e0" e2="DrugDDI.d282.s90.e2" interaction="false"/><pair id="DrugDDI.d282.s90.p2" e1="DrugDDI.d282.s90.e0" e2="DrugDDI.d282.s90.e3" interaction="false"/><pair id="DrugDDI.d282.s90.p3" e1="DrugDDI.d282.s90.e0" e2="DrugDDI.d282.s90.e4" interaction="false"/><pair id="DrugDDI.d282.s90.p4" e1="DrugDDI.d282.s90.e0" e2="DrugDDI.d282.s90.e5" interaction="false"/><pair id="DrugDDI.d282.s90.p5" e1="DrugDDI.d282.s90.e0" e2="DrugDDI.d282.s90.e6" interaction="false"/><pair id="DrugDDI.d282.s90.p6" e1="DrugDDI.d282.s90.e0" e2="DrugDDI.d282.s90.e7" interaction="false"/><pair id="DrugDDI.d282.s90.p7" e1="DrugDDI.d282.s90.e0" e2="DrugDDI.d282.s90.e8" interaction="false"/><pair id="DrugDDI.d282.s90.p8" e1="DrugDDI.d282.s90.e1" e2="DrugDDI.d282.s90.e2" interaction="false"/><pair id="DrugDDI.d282.s90.p9" e1="DrugDDI.d282.s90.e1" e2="DrugDDI.d282.s90.e3" interaction="false"/><pair id="DrugDDI.d282.s90.p10" e1="DrugDDI.d282.s90.e1" e2="DrugDDI.d282.s90.e4" interaction="false"/><pair id="DrugDDI.d282.s90.p11" e1="DrugDDI.d282.s90.e1" e2="DrugDDI.d282.s90.e5" interaction="false"/><pair id="DrugDDI.d282.s90.p12" e1="DrugDDI.d282.s90.e1" e2="DrugDDI.d282.s90.e6" interaction="false"/><pair id="DrugDDI.d282.s90.p13" e1="DrugDDI.d282.s90.e1" e2="DrugDDI.d282.s90.e7" interaction="false"/><pair id="DrugDDI.d282.s90.p14" e1="DrugDDI.d282.s90.e1" e2="DrugDDI.d282.s90.e8" interaction="true"/><pair id="DrugDDI.d282.s90.p15" e1="DrugDDI.d282.s90.e2" e2="DrugDDI.d282.s90.e3" interaction="false"/><pair id="DrugDDI.d282.s90.p16" e1="DrugDDI.d282.s90.e2" e2="DrugDDI.d282.s90.e4" interaction="false"/><pair id="DrugDDI.d282.s90.p17" e1="DrugDDI.d282.s90.e2" e2="DrugDDI.d282.s90.e5" interaction="false"/><pair id="DrugDDI.d282.s90.p18" e1="DrugDDI.d282.s90.e2" e2="DrugDDI.d282.s90.e6" interaction="false"/><pair id="DrugDDI.d282.s90.p19" e1="DrugDDI.d282.s90.e2" e2="DrugDDI.d282.s90.e7" interaction="false"/><pair id="DrugDDI.d282.s90.p20" e1="DrugDDI.d282.s90.e2" e2="DrugDDI.d282.s90.e8" interaction="true"/><pair id="DrugDDI.d282.s90.p21" e1="DrugDDI.d282.s90.e3" e2="DrugDDI.d282.s90.e4" interaction="false"/><pair id="DrugDDI.d282.s90.p22" e1="DrugDDI.d282.s90.e3" e2="DrugDDI.d282.s90.e5" interaction="false"/><pair id="DrugDDI.d282.s90.p23" e1="DrugDDI.d282.s90.e3" e2="DrugDDI.d282.s90.e6" interaction="false"/><pair id="DrugDDI.d282.s90.p24" e1="DrugDDI.d282.s90.e3" e2="DrugDDI.d282.s90.e7" interaction="false"/><pair id="DrugDDI.d282.s90.p25" e1="DrugDDI.d282.s90.e3" e2="DrugDDI.d282.s90.e8" interaction="false"/><pair id="DrugDDI.d282.s90.p26" e1="DrugDDI.d282.s90.e4" e2="DrugDDI.d282.s90.e5" interaction="false"/><pair id="DrugDDI.d282.s90.p27" e1="DrugDDI.d282.s90.e4" e2="DrugDDI.d282.s90.e6" interaction="false"/><pair id="DrugDDI.d282.s90.p28" e1="DrugDDI.d282.s90.e4" e2="DrugDDI.d282.s90.e7" interaction="false"/><pair id="DrugDDI.d282.s90.p29" e1="DrugDDI.d282.s90.e4" e2="DrugDDI.d282.s90.e8" interaction="true"/><pair id="DrugDDI.d282.s90.p30" e1="DrugDDI.d282.s90.e5" e2="DrugDDI.d282.s90.e6" interaction="false"/><pair id="DrugDDI.d282.s90.p31" e1="DrugDDI.d282.s90.e5" e2="DrugDDI.d282.s90.e7" interaction="false"/><pair id="DrugDDI.d282.s90.p32" e1="DrugDDI.d282.s90.e5" e2="DrugDDI.d282.s90.e8" interaction="false"/><pair id="DrugDDI.d282.s90.p33" e1="DrugDDI.d282.s90.e6" e2="DrugDDI.d282.s90.e7" interaction="false"/><pair id="DrugDDI.d282.s90.p34" e1="DrugDDI.d282.s90.e6" e2="DrugDDI.d282.s90.e8" interaction="true"/><pair id="DrugDDI.d282.s90.p35" e1="DrugDDI.d282.s90.e7" e2="DrugDDI.d282.s90.e8" interaction="false"/></sentence><sentence id="DrugDDI.d282.s91" origId="s91" text="The beneficial effects on arterial thrombus formation from combined therapy with antiplatelet and anticoagulant medication must be weighed against an increased risk of inducing hemorrhage."><entity id="DrugDDI.d282.s91.e0" origId="s91.p354" charOffset="98-111" type="drug" text="anticoagulant"/></sentence><sentence id="DrugDDI.d282.s92" origId="s92" text="*Increased and decreased prothrombin time responses have been reported."/><sentence id="DrugDDI.d282.s93" origId="s93" text="Drug/Laboratory Test Interferences: Dicu-marol and indanedione anticoagulants, including anisindione, or their metabolites may color alkaline urine red-orange, which may interfere with spectrophotometrically determined urinary laboratory tests."><entity id="DrugDDI.d282.s93.e0" origId="s93.p366" charOffset="0-4" type="drug" text="Drug"/><entity id="DrugDDI.d282.s93.e1" origId="s93.p371" charOffset="51-76" type="drug" text="indanedione anticoagulant"/><entity id="DrugDDI.d282.s93.e2" origId="s93.p373" charOffset="89-100" type="drug" text="anisindione"/><entity id="DrugDDI.d282.s93.e3" origId="s93.p375" charOffset="111-122" type="drug" text="metabolites"/><pair id="DrugDDI.d282.s93.p0" e1="DrugDDI.d282.s93.e0" e2="DrugDDI.d282.s93.e1" interaction="false"/><pair id="DrugDDI.d282.s93.p1" e1="DrugDDI.d282.s93.e0" e2="DrugDDI.d282.s93.e2" interaction="false"/><pair id="DrugDDI.d282.s93.p2" e1="DrugDDI.d282.s93.e0" e2="DrugDDI.d282.s93.e3" interaction="false"/><pair id="DrugDDI.d282.s93.p3" e1="DrugDDI.d282.s93.e1" e2="DrugDDI.d282.s93.e2" interaction="false"/><pair id="DrugDDI.d282.s93.p4" e1="DrugDDI.d282.s93.e1" e2="DrugDDI.d282.s93.e3" interaction="false"/><pair id="DrugDDI.d282.s93.p5" e1="DrugDDI.d282.s93.e2" e2="DrugDDI.d282.s93.e3" interaction="false"/></sentence><sentence id="DrugDDI.d282.s94" origId="s94" text="The color reverses when the test sample is acidified in vitro to a pH below 4."/></document>