<?xml version="1.0" encoding="UTF-8"?>
<document id="DrugDDI.d446" origId="Ardeparin"><sentence id="DrugDDI.d446.s0" origId="s0" text="Anticoagulants including coumarin derivatives, indandione derivatives, and platelet aggregation inhibitors such as nonsteroidal anti-inflammatory drugs (NSAIDs), and aspirin may increase the risk of bleeding when administered concomitantly with ardeparin."><entity id="DrugDDI.d446.s0.e0" origId="s0.p0" charOffset="0-14" type="drug" text="Anticoagulants"/><entity id="DrugDDI.d446.s0.e1" origId="s0.p2" charOffset="25-33" type="drug" text="coumarin"/><entity id="DrugDDI.d446.s0.e2" origId="s0.p3" charOffset="58-69" type="drug" text="derivatives"/><entity id="DrugDDI.d446.s0.e3" origId="s0.p5" charOffset="75-106" type="drug" text="platelet aggregation inhibitors"/><entity id="DrugDDI.d446.s0.e4" origId="s0.p6" charOffset="115-151" type="drug" text="nonsteroidal anti-inflammatory drugs"/><entity id="DrugDDI.d446.s0.e5" origId="s0.p8" charOffset="153-159" type="drug" text="NSAIDs"/><entity id="DrugDDI.d446.s0.e6" origId="s0.p12" charOffset="166-173" type="drug" text="aspirin"/><entity id="DrugDDI.d446.s0.e7" origId="s0.p20" charOffset="245-254" type="drug" text="ardeparin"/><pair id="DrugDDI.d446.s0.p0" e1="DrugDDI.d446.s0.e0" e2="DrugDDI.d446.s0.e1" interaction="false"/><pair id="DrugDDI.d446.s0.p1" e1="DrugDDI.d446.s0.e0" e2="DrugDDI.d446.s0.e2" interaction="false"/><pair id="DrugDDI.d446.s0.p2" e1="DrugDDI.d446.s0.e0" e2="DrugDDI.d446.s0.e3" interaction="false"/><pair id="DrugDDI.d446.s0.p3" e1="DrugDDI.d446.s0.e0" e2="DrugDDI.d446.s0.e4" interaction="false"/><pair id="DrugDDI.d446.s0.p4" e1="DrugDDI.d446.s0.e0" e2="DrugDDI.d446.s0.e5" interaction="false"/><pair id="DrugDDI.d446.s0.p5" e1="DrugDDI.d446.s0.e0" e2="DrugDDI.d446.s0.e6" interaction="false"/><pair id="DrugDDI.d446.s0.p6" e1="DrugDDI.d446.s0.e0" e2="DrugDDI.d446.s0.e7" interaction="true"/><pair id="DrugDDI.d446.s0.p7" e1="DrugDDI.d446.s0.e1" e2="DrugDDI.d446.s0.e2" interaction="false"/><pair id="DrugDDI.d446.s0.p8" e1="DrugDDI.d446.s0.e1" e2="DrugDDI.d446.s0.e3" interaction="false"/><pair id="DrugDDI.d446.s0.p9" e1="DrugDDI.d446.s0.e1" e2="DrugDDI.d446.s0.e4" interaction="false"/><pair id="DrugDDI.d446.s0.p10" e1="DrugDDI.d446.s0.e1" e2="DrugDDI.d446.s0.e5" interaction="false"/><pair id="DrugDDI.d446.s0.p11" e1="DrugDDI.d446.s0.e1" e2="DrugDDI.d446.s0.e6" interaction="false"/><pair id="DrugDDI.d446.s0.p12" e1="DrugDDI.d446.s0.e1" e2="DrugDDI.d446.s0.e7" interaction="false"/><pair id="DrugDDI.d446.s0.p13" e1="DrugDDI.d446.s0.e2" e2="DrugDDI.d446.s0.e3" interaction="false"/><pair id="DrugDDI.d446.s0.p14" e1="DrugDDI.d446.s0.e2" e2="DrugDDI.d446.s0.e4" interaction="false"/><pair id="DrugDDI.d446.s0.p15" e1="DrugDDI.d446.s0.e2" e2="DrugDDI.d446.s0.e5" interaction="false"/><pair id="DrugDDI.d446.s0.p16" e1="DrugDDI.d446.s0.e2" e2="DrugDDI.d446.s0.e6" interaction="false"/><pair id="DrugDDI.d446.s0.p17" e1="DrugDDI.d446.s0.e2" e2="DrugDDI.d446.s0.e7" interaction="true"/><pair id="DrugDDI.d446.s0.p18" e1="DrugDDI.d446.s0.e3" e2="DrugDDI.d446.s0.e4" interaction="false"/><pair id="DrugDDI.d446.s0.p19" e1="DrugDDI.d446.s0.e3" e2="DrugDDI.d446.s0.e5" interaction="false"/><pair id="DrugDDI.d446.s0.p20" e1="DrugDDI.d446.s0.e3" e2="DrugDDI.d446.s0.e6" interaction="false"/><pair id="DrugDDI.d446.s0.p21" e1="DrugDDI.d446.s0.e3" e2="DrugDDI.d446.s0.e7" interaction="false"/><pair id="DrugDDI.d446.s0.p22" e1="DrugDDI.d446.s0.e4" e2="DrugDDI.d446.s0.e5" interaction="false"/><pair id="DrugDDI.d446.s0.p23" e1="DrugDDI.d446.s0.e4" e2="DrugDDI.d446.s0.e6" interaction="false"/><pair id="DrugDDI.d446.s0.p24" e1="DrugDDI.d446.s0.e4" e2="DrugDDI.d446.s0.e7" interaction="true"/><pair id="DrugDDI.d446.s0.p25" e1="DrugDDI.d446.s0.e5" e2="DrugDDI.d446.s0.e6" interaction="false"/><pair id="DrugDDI.d446.s0.p26" e1="DrugDDI.d446.s0.e5" e2="DrugDDI.d446.s0.e7" interaction="false"/><pair id="DrugDDI.d446.s0.p27" e1="DrugDDI.d446.s0.e6" e2="DrugDDI.d446.s0.e7" interaction="true"/></sentence></document>