<?xml version="1.0" encoding="UTF-8"?>
<document id="DrugDDI.d508" origId="Argatroban"><sentence id="DrugDDI.d508.s0" origId="s0" text="Heparin: Since heparin is contraindicated in patients with heparin-induced thrombocytopenia, the co-administration of Argatroban and heparin is unlikely for this indication."><entity id="DrugDDI.d508.s0.e0" origId="s0.p0" charOffset="0-7" type="drug" text="Heparin"/><entity id="DrugDDI.d508.s0.e1" origId="s0.p3" charOffset="15-22" type="drug" text="heparin"/><entity id="DrugDDI.d508.s0.e2" origId="s0.p7" charOffset="59-66" type="drug" text="heparin"/><entity id="DrugDDI.d508.s0.e3" origId="s0.p9" charOffset="118-128" type="drug" text="Argatroban"/><entity id="DrugDDI.d508.s0.e4" origId="s0.p11" charOffset="133-140" type="drug" text="heparin"/><pair id="DrugDDI.d508.s0.p0" e1="DrugDDI.d508.s0.e0" e2="DrugDDI.d508.s0.e1" interaction="false"/><pair id="DrugDDI.d508.s0.p1" e1="DrugDDI.d508.s0.e0" e2="DrugDDI.d508.s0.e2" interaction="false"/><pair id="DrugDDI.d508.s0.p2" e1="DrugDDI.d508.s0.e0" e2="DrugDDI.d508.s0.e3" interaction="false"/><pair id="DrugDDI.d508.s0.p3" e1="DrugDDI.d508.s0.e0" e2="DrugDDI.d508.s0.e4" interaction="false"/><pair id="DrugDDI.d508.s0.p4" e1="DrugDDI.d508.s0.e1" e2="DrugDDI.d508.s0.e2" interaction="false"/><pair id="DrugDDI.d508.s0.p5" e1="DrugDDI.d508.s0.e1" e2="DrugDDI.d508.s0.e3" interaction="true"/><pair id="DrugDDI.d508.s0.p6" e1="DrugDDI.d508.s0.e1" e2="DrugDDI.d508.s0.e4" interaction="false"/><pair id="DrugDDI.d508.s0.p7" e1="DrugDDI.d508.s0.e2" e2="DrugDDI.d508.s0.e3" interaction="false"/><pair id="DrugDDI.d508.s0.p8" e1="DrugDDI.d508.s0.e2" e2="DrugDDI.d508.s0.e4" interaction="false"/><pair id="DrugDDI.d508.s0.p9" e1="DrugDDI.d508.s0.e3" e2="DrugDDI.d508.s0.e4" interaction="false"/></sentence><sentence id="DrugDDI.d508.s1" origId="s1" text="However, if Argatroban is to be initiated after cessation of heparin therapy, allow sufficient time for heparins effect on the aPTT to decrease prior to initiation of Argatroban therapy."><entity id="DrugDDI.d508.s1.e0" origId="s1.p17" charOffset="12-22" type="drug" text="Argatroban"/><entity id="DrugDDI.d508.s1.e1" origId="s1.p26" charOffset="104-111" type="drug" text="heparin"/><entity id="DrugDDI.d508.s1.e2" origId="s1.p32" charOffset="167-177" type="drug" text="Argatroban"/><pair id="DrugDDI.d508.s1.p0" e1="DrugDDI.d508.s1.e0" e2="DrugDDI.d508.s1.e1" interaction="true"/><pair id="DrugDDI.d508.s1.p1" e1="DrugDDI.d508.s1.e0" e2="DrugDDI.d508.s1.e2" interaction="false"/><pair id="DrugDDI.d508.s1.p2" e1="DrugDDI.d508.s1.e1" e2="DrugDDI.d508.s1.e2" interaction="false"/></sentence><sentence id="DrugDDI.d508.s2" origId="s2" text="Aspirin/Acetaminophen: Pharmacokinetic or pharmacodynamic drug-drug interactions have not been demonstrated between Argatroban and concomitantly administered aspirin (162.5 mg orally given 26 and 2 hours prior to initiation of Argatroban 1 ?g/kg/min. over 4 hours) or acetaminophen (1000 mg orally given 12, 6 and 0 hours prior to, and 6 and 12 hours subsequent to, initiation of Argatroban 1.5 ?g/kg/min. over 18 hours)."><entity id="DrugDDI.d508.s2.e0" origId="s2.p33" charOffset="0-7" type="drug" text="Aspirin"/><entity id="DrugDDI.d508.s2.e1" origId="s2.p34" charOffset="8-21" type="drug" text="Acetaminophen"/><entity id="DrugDDI.d508.s2.e2" origId="s2.p43" charOffset="116-126" type="drug" text="Argatroban"/><entity id="DrugDDI.d508.s2.e3" origId="s2.p45" charOffset="158-165" type="drug" text="aspirin"/><entity id="DrugDDI.d508.s2.e4" origId="s2.p53" charOffset="227-237" type="drug" text="Argatroban"/><entity id="DrugDDI.d508.s2.e5" origId="s2.p58" charOffset="268-281" type="drug" text="acetaminophen"/><entity id="DrugDDI.d508.s2.e6" origId="s2.p72" charOffset="380-390" type="drug" text="Argatroban"/><pair id="DrugDDI.d508.s2.p0" e1="DrugDDI.d508.s2.e0" e2="DrugDDI.d508.s2.e1" interaction="false"/><pair id="DrugDDI.d508.s2.p1" e1="DrugDDI.d508.s2.e0" e2="DrugDDI.d508.s2.e2" interaction="false"/><pair id="DrugDDI.d508.s2.p2" e1="DrugDDI.d508.s2.e0" e2="DrugDDI.d508.s2.e3" interaction="false"/><pair id="DrugDDI.d508.s2.p3" e1="DrugDDI.d508.s2.e0" e2="DrugDDI.d508.s2.e4" interaction="false"/><pair id="DrugDDI.d508.s2.p4" e1="DrugDDI.d508.s2.e0" e2="DrugDDI.d508.s2.e5" interaction="false"/><pair id="DrugDDI.d508.s2.p5" e1="DrugDDI.d508.s2.e0" e2="DrugDDI.d508.s2.e6" interaction="false"/><pair id="DrugDDI.d508.s2.p6" e1="DrugDDI.d508.s2.e1" e2="DrugDDI.d508.s2.e2" interaction="false"/><pair id="DrugDDI.d508.s2.p7" e1="DrugDDI.d508.s2.e1" e2="DrugDDI.d508.s2.e3" interaction="false"/><pair id="DrugDDI.d508.s2.p8" e1="DrugDDI.d508.s2.e1" e2="DrugDDI.d508.s2.e4" interaction="false"/><pair id="DrugDDI.d508.s2.p9" e1="DrugDDI.d508.s2.e1" e2="DrugDDI.d508.s2.e5" interaction="false"/><pair id="DrugDDI.d508.s2.p10" e1="DrugDDI.d508.s2.e1" e2="DrugDDI.d508.s2.e6" interaction="false"/><pair id="DrugDDI.d508.s2.p11" e1="DrugDDI.d508.s2.e2" e2="DrugDDI.d508.s2.e3" interaction="true"/><pair id="DrugDDI.d508.s2.p12" e1="DrugDDI.d508.s2.e2" e2="DrugDDI.d508.s2.e4" interaction="false"/><pair id="DrugDDI.d508.s2.p13" e1="DrugDDI.d508.s2.e2" e2="DrugDDI.d508.s2.e5" interaction="false"/><pair id="DrugDDI.d508.s2.p14" e1="DrugDDI.d508.s2.e2" e2="DrugDDI.d508.s2.e6" interaction="false"/><pair id="DrugDDI.d508.s2.p15" e1="DrugDDI.d508.s2.e3" e2="DrugDDI.d508.s2.e4" interaction="false"/><pair id="DrugDDI.d508.s2.p16" e1="DrugDDI.d508.s2.e3" e2="DrugDDI.d508.s2.e5" interaction="false"/><pair id="DrugDDI.d508.s2.p17" e1="DrugDDI.d508.s2.e3" e2="DrugDDI.d508.s2.e6" interaction="false"/><pair id="DrugDDI.d508.s2.p18" e1="DrugDDI.d508.s2.e4" e2="DrugDDI.d508.s2.e5" interaction="false"/><pair id="DrugDDI.d508.s2.p19" e1="DrugDDI.d508.s2.e4" e2="DrugDDI.d508.s2.e6" interaction="false"/><pair id="DrugDDI.d508.s2.p20" e1="DrugDDI.d508.s2.e5" e2="DrugDDI.d508.s2.e6" interaction="false"/></sentence><sentence id="DrugDDI.d508.s3" origId="s3" text="Oral anticoagulant agents: Pharmacokinetic drug-drug interactions between Argatroban and warfarin (7.5 mg single oral dose) have not been demonstrated."><entity id="DrugDDI.d508.s3.e0" origId="s3.p76" charOffset="5-25" type="drug" text="anticoagulant agents"/><entity id="DrugDDI.d508.s3.e1" origId="s3.p79" charOffset="74-84" type="drug" text="Argatroban"/><entity id="DrugDDI.d508.s3.e2" origId="s3.p81" charOffset="89-97" type="drug" text="warfarin"/><pair id="DrugDDI.d508.s3.p0" e1="DrugDDI.d508.s3.e0" e2="DrugDDI.d508.s3.e1" interaction="false"/><pair id="DrugDDI.d508.s3.p1" e1="DrugDDI.d508.s3.e0" e2="DrugDDI.d508.s3.e2" interaction="false"/><pair id="DrugDDI.d508.s3.p2" e1="DrugDDI.d508.s3.e1" e2="DrugDDI.d508.s3.e2" interaction="false"/></sentence><sentence id="DrugDDI.d508.s4" origId="s4" text="However, the concomitant use of Argatroban and warfarin (5-7.5 mg initial oral dose followed by 2.5-6 mg/day orally for 6-10 days) results in prolongation of the prothrombin time (PT) and International Normalized Ratio (INR)."><entity id="DrugDDI.d508.s4.e0" origId="s4.p91" charOffset="32-42" type="drug" text="Argatroban"/><entity id="DrugDDI.d508.s4.e1" origId="s4.p93" charOffset="47-55" type="drug" text="warfarin"/><pair id="DrugDDI.d508.s4.p0" e1="DrugDDI.d508.s4.e0" e2="DrugDDI.d508.s4.e1" interaction="true"/></sentence><sentence id="DrugDDI.d508.s5" origId="s5" text="Thrombolytic agents: The safety and effectiveness of Argatroban with thrombolytic agents have not been established."><entity id="DrugDDI.d508.s5.e0" origId="s5.p112" charOffset="0-19" type="drug" text="Thrombolytic agents"/><entity id="DrugDDI.d508.s5.e1" origId="s5.p117" charOffset="53-63" type="drug" text="Argatroban"/><entity id="DrugDDI.d508.s5.e2" origId="s5.p118" charOffset="69-88" type="drug" text="thrombolytic agents"/><pair id="DrugDDI.d508.s5.p0" e1="DrugDDI.d508.s5.e0" e2="DrugDDI.d508.s5.e1" interaction="false"/><pair id="DrugDDI.d508.s5.p1" e1="DrugDDI.d508.s5.e0" e2="DrugDDI.d508.s5.e2" interaction="false"/><pair id="DrugDDI.d508.s5.p2" e1="DrugDDI.d508.s5.e1" e2="DrugDDI.d508.s5.e2" interaction="false"/></sentence><sentence id="DrugDDI.d508.s6" origId="s6" text="Co-administration: Concomitant use of Argatroban with antiplatelet agents, thrombolytics, and other anticoagulants may increase the risk of bleeding."><entity id="DrugDDI.d508.s6.e0" origId="s6.p126" charOffset="38-48" type="drug" text="Argatroban"/><entity id="DrugDDI.d508.s6.e1" origId="s6.p127" charOffset="54-73" type="drug" text="antiplatelet agents"/><entity id="DrugDDI.d508.s6.e2" origId="s6.p128" charOffset="75-87" type="drug" text="thrombolytic"/><entity id="DrugDDI.d508.s6.e3" origId="s6.p130" charOffset="100-114" type="drug" text="anticoagulants"/><pair id="DrugDDI.d508.s6.p0" e1="DrugDDI.d508.s6.e0" e2="DrugDDI.d508.s6.e1" interaction="true"/><pair id="DrugDDI.d508.s6.p1" e1="DrugDDI.d508.s6.e0" e2="DrugDDI.d508.s6.e2" interaction="false"/><pair id="DrugDDI.d508.s6.p2" e1="DrugDDI.d508.s6.e0" e2="DrugDDI.d508.s6.e3" interaction="true"/><pair id="DrugDDI.d508.s6.p3" e1="DrugDDI.d508.s6.e1" e2="DrugDDI.d508.s6.e2" interaction="false"/><pair id="DrugDDI.d508.s6.p4" e1="DrugDDI.d508.s6.e1" e2="DrugDDI.d508.s6.e3" interaction="false"/><pair id="DrugDDI.d508.s6.p5" e1="DrugDDI.d508.s6.e2" e2="DrugDDI.d508.s6.e3" interaction="false"/></sentence><sentence id="DrugDDI.d508.s7" origId="s7" text="Drug-drug interactions have not been observed between Argatroban and digoxin or erythromycin."><entity id="DrugDDI.d508.s7.e0" origId="s7.p140" charOffset="54-64" type="drug" text="Argatroban"/><entity id="DrugDDI.d508.s7.e1" origId="s7.p142" charOffset="69-76" type="drug" text="digoxin"/><entity id="DrugDDI.d508.s7.e2" origId="s7.p144" charOffset="80-92" type="drug" text="erythromycin"/><pair id="DrugDDI.d508.s7.p0" e1="DrugDDI.d508.s7.e0" e2="DrugDDI.d508.s7.e1" interaction="false"/><pair id="DrugDDI.d508.s7.p1" e1="DrugDDI.d508.s7.e0" e2="DrugDDI.d508.s7.e2" interaction="false"/><pair id="DrugDDI.d508.s7.p2" e1="DrugDDI.d508.s7.e1" e2="DrugDDI.d508.s7.e2" interaction="false"/></sentence></document>