<?xml version="1.0" encoding="UTF-8"?>
<document id="DrugDDI.d96" origId="Arsenic trioxide"><sentence id="DrugDDI.d96.s0" origId="s0" text="No formal assessments of pharmacokinetic drug-drug interactions between TRISENOX? and other agents have been conducted."/><sentence id="DrugDDI.d96.s1" origId="s1" text="Caution is advised when TRISENOX? is coadministered with other medications that can prolong the QT interval (e.g. certain antiarrhythmics or thioridazine) or lead to electrolyte abnormalities (such as diuretics or amphotericin B)."><entity id="DrugDDI.d96.s1.e0" origId="s1.p15" charOffset="63-74" type="drug" text="medications"/><entity id="DrugDDI.d96.s1.e1" origId="s1.p21" charOffset="122-137" type="drug" text="antiarrhythmics"/><entity id="DrugDDI.d96.s1.e2" origId="s1.p23" charOffset="141-153" type="drug" text="thioridazine"/><entity id="DrugDDI.d96.s1.e3" origId="s1.p29" charOffset="201-210" type="drug" text="diuretics"/><entity id="DrugDDI.d96.s1.e4" origId="s1.p31" charOffset="214-228" type="drug" text="amphotericin B"/><pair id="DrugDDI.d96.s1.p0" e1="DrugDDI.d96.s1.e0" e2="DrugDDI.d96.s1.e1" interaction="false"/><pair id="DrugDDI.d96.s1.p1" e1="DrugDDI.d96.s1.e0" e2="DrugDDI.d96.s1.e2" interaction="false"/><pair id="DrugDDI.d96.s1.p2" e1="DrugDDI.d96.s1.e0" e2="DrugDDI.d96.s1.e3" interaction="false"/><pair id="DrugDDI.d96.s1.p3" e1="DrugDDI.d96.s1.e0" e2="DrugDDI.d96.s1.e4" interaction="false"/><pair id="DrugDDI.d96.s1.p4" e1="DrugDDI.d96.s1.e1" e2="DrugDDI.d96.s1.e2" interaction="false"/><pair id="DrugDDI.d96.s1.p5" e1="DrugDDI.d96.s1.e1" e2="DrugDDI.d96.s1.e3" interaction="false"/><pair id="DrugDDI.d96.s1.p6" e1="DrugDDI.d96.s1.e1" e2="DrugDDI.d96.s1.e4" interaction="false"/><pair id="DrugDDI.d96.s1.p7" e1="DrugDDI.d96.s1.e2" e2="DrugDDI.d96.s1.e3" interaction="false"/><pair id="DrugDDI.d96.s1.p8" e1="DrugDDI.d96.s1.e2" e2="DrugDDI.d96.s1.e4" interaction="false"/><pair id="DrugDDI.d96.s1.p9" e1="DrugDDI.d96.s1.e3" e2="DrugDDI.d96.s1.e4" interaction="false"/></sentence></document>