<?xml version="1.0" encoding="UTF-8"?>
<document id="DrugDDI.d200" origId="Becaplermin"><sentence id="DrugDDI.d200.s0" origId="s0" text="It is not known if REGRANEX Gel interacts with other topical medications applied to the ulcer site."><entity id="DrugDDI.d200.s0.e0" origId="s0.p4" charOffset="19-27" type="drug" text="REGRANEX"/><entity id="DrugDDI.d200.s0.e1" origId="s0.p6" charOffset="61-72" type="drug" text="medications"/><pair id="DrugDDI.d200.s0.p0" e1="DrugDDI.d200.s0.e0" e2="DrugDDI.d200.s0.e1" interaction="false"/></sentence><sentence id="DrugDDI.d200.s1" origId="s1" text="The use of REGRANEX Gel with other topical drugs has not been studied."><entity id="DrugDDI.d200.s1.e0" origId="s1.p10" charOffset="11-19" type="drug" text="REGRANEX"/><entity id="DrugDDI.d200.s1.e1" origId="s1.p11" charOffset="43-48" type="drug" text="drugs"/><pair id="DrugDDI.d200.s1.p0" e1="DrugDDI.d200.s1.e0" e2="DrugDDI.d200.s1.e1" interaction="false"/></sentence></document>