<?xml version="1.0" encoding="UTF-8"?>
<document id="DrugDDI.d342" origId="Bendroflumethiazide"><sentence id="DrugDDI.d342.s0" origId="s0" text="May interact with the following: cholestyramine, colestipol (use with thiazide diuretics may prevent the diuretic from working properly;"><entity id="DrugDDI.d342.s0.e0" origId="s0.p4" charOffset="33-47" type="drug" text="cholestyramine"/><entity id="DrugDDI.d342.s0.e1" origId="s0.p5" charOffset="49-59" type="drug" text="colestipol"/><entity id="DrugDDI.d342.s0.e2" origId="s0.p8" charOffset="70-88" type="drug" text="thiazide diuretics"/><entity id="DrugDDI.d342.s0.e3" origId="s0.p10" charOffset="93-100" type="drug" text="prevent"/><entity id="DrugDDI.d342.s0.e4" origId="s0.p11" charOffset="105-113" type="drug" text="diuretic"/><pair id="DrugDDI.d342.s0.p0" e1="DrugDDI.d342.s0.e0" e2="DrugDDI.d342.s0.e1" interaction="false"/><pair id="DrugDDI.d342.s0.p1" e1="DrugDDI.d342.s0.e0" e2="DrugDDI.d342.s0.e2" interaction="false"/><pair id="DrugDDI.d342.s0.p2" e1="DrugDDI.d342.s0.e0" e2="DrugDDI.d342.s0.e3" interaction="false"/><pair id="DrugDDI.d342.s0.p3" e1="DrugDDI.d342.s0.e0" e2="DrugDDI.d342.s0.e4" interaction="false"/><pair id="DrugDDI.d342.s0.p4" e1="DrugDDI.d342.s0.e1" e2="DrugDDI.d342.s0.e2" interaction="false"/><pair id="DrugDDI.d342.s0.p5" e1="DrugDDI.d342.s0.e1" e2="DrugDDI.d342.s0.e3" interaction="false"/><pair id="DrugDDI.d342.s0.p6" e1="DrugDDI.d342.s0.e1" e2="DrugDDI.d342.s0.e4" interaction="false"/><pair id="DrugDDI.d342.s0.p7" e1="DrugDDI.d342.s0.e2" e2="DrugDDI.d342.s0.e3" interaction="false"/><pair id="DrugDDI.d342.s0.p8" e1="DrugDDI.d342.s0.e2" e2="DrugDDI.d342.s0.e4" interaction="false"/><pair id="DrugDDI.d342.s0.p9" e1="DrugDDI.d342.s0.e3" e2="DrugDDI.d342.s0.e4" interaction="false"/></sentence><sentence id="DrugDDI.d342.s1" origId="s1" text="take the diuretic at least 1 hour before or 4 hours after cholestyramine or colestipol), digitalis glycosides (use with thiazide diuretics may cause high blood levels of digoxin, which may increase the chance of side effects), and lithium (use with thiazide diuretics may cause high blood levels of lithium, which may increase the chance of side effects)."><entity id="DrugDDI.d342.s1.e0" origId="s1.p15" charOffset="9-17" type="drug" text="diuretic"/><entity id="DrugDDI.d342.s1.e1" origId="s1.p20" charOffset="58-72" type="drug" text="cholestyramine"/><entity id="DrugDDI.d342.s1.e2" origId="s1.p22" charOffset="76-86" type="drug" text="colestipol"/><entity id="DrugDDI.d342.s1.e3" origId="s1.p25" charOffset="89-109" type="drug" text="digitalis glycosides"/><entity id="DrugDDI.d342.s1.e4" origId="s1.p28" charOffset="120-138" type="drug" text="thiazide diuretics"/><entity id="DrugDDI.d342.s1.e5" origId="s1.p32" charOffset="170-177" type="drug" text="digoxin"/><entity id="DrugDDI.d342.s1.e6" origId="s1.p41" charOffset="231-238" type="drug" text="lithium"/><entity id="DrugDDI.d342.s1.e7" origId="s1.p44" charOffset="249-267" type="drug" text="thiazide diuretics"/><entity id="DrugDDI.d342.s1.e8" origId="s1.p48" charOffset="299-306" type="drug" text="lithium"/><pair id="DrugDDI.d342.s1.p0" e1="DrugDDI.d342.s1.e0" e2="DrugDDI.d342.s1.e1" interaction="false"/><pair id="DrugDDI.d342.s1.p1" e1="DrugDDI.d342.s1.e0" e2="DrugDDI.d342.s1.e2" interaction="false"/><pair id="DrugDDI.d342.s1.p2" e1="DrugDDI.d342.s1.e0" e2="DrugDDI.d342.s1.e3" interaction="false"/><pair id="DrugDDI.d342.s1.p3" e1="DrugDDI.d342.s1.e0" e2="DrugDDI.d342.s1.e4" interaction="false"/><pair id="DrugDDI.d342.s1.p4" e1="DrugDDI.d342.s1.e0" e2="DrugDDI.d342.s1.e5" interaction="false"/><pair id="DrugDDI.d342.s1.p5" e1="DrugDDI.d342.s1.e0" e2="DrugDDI.d342.s1.e6" interaction="false"/><pair id="DrugDDI.d342.s1.p6" e1="DrugDDI.d342.s1.e0" e2="DrugDDI.d342.s1.e7" interaction="false"/><pair id="DrugDDI.d342.s1.p7" e1="DrugDDI.d342.s1.e0" e2="DrugDDI.d342.s1.e8" interaction="false"/><pair id="DrugDDI.d342.s1.p8" e1="DrugDDI.d342.s1.e1" e2="DrugDDI.d342.s1.e2" interaction="false"/><pair id="DrugDDI.d342.s1.p9" e1="DrugDDI.d342.s1.e1" e2="DrugDDI.d342.s1.e3" interaction="false"/><pair id="DrugDDI.d342.s1.p10" e1="DrugDDI.d342.s1.e1" e2="DrugDDI.d342.s1.e4" interaction="false"/><pair id="DrugDDI.d342.s1.p11" e1="DrugDDI.d342.s1.e1" e2="DrugDDI.d342.s1.e5" interaction="false"/><pair id="DrugDDI.d342.s1.p12" e1="DrugDDI.d342.s1.e1" e2="DrugDDI.d342.s1.e6" interaction="false"/><pair id="DrugDDI.d342.s1.p13" e1="DrugDDI.d342.s1.e1" e2="DrugDDI.d342.s1.e7" interaction="false"/><pair id="DrugDDI.d342.s1.p14" e1="DrugDDI.d342.s1.e1" e2="DrugDDI.d342.s1.e8" interaction="false"/><pair id="DrugDDI.d342.s1.p15" e1="DrugDDI.d342.s1.e2" e2="DrugDDI.d342.s1.e3" interaction="false"/><pair id="DrugDDI.d342.s1.p16" e1="DrugDDI.d342.s1.e2" e2="DrugDDI.d342.s1.e4" interaction="false"/><pair id="DrugDDI.d342.s1.p17" e1="DrugDDI.d342.s1.e2" e2="DrugDDI.d342.s1.e5" interaction="false"/><pair id="DrugDDI.d342.s1.p18" e1="DrugDDI.d342.s1.e2" e2="DrugDDI.d342.s1.e6" interaction="false"/><pair id="DrugDDI.d342.s1.p19" e1="DrugDDI.d342.s1.e2" e2="DrugDDI.d342.s1.e7" interaction="false"/><pair id="DrugDDI.d342.s1.p20" e1="DrugDDI.d342.s1.e2" e2="DrugDDI.d342.s1.e8" interaction="false"/><pair id="DrugDDI.d342.s1.p21" e1="DrugDDI.d342.s1.e3" e2="DrugDDI.d342.s1.e4" interaction="true"/><pair id="DrugDDI.d342.s1.p22" e1="DrugDDI.d342.s1.e3" e2="DrugDDI.d342.s1.e5" interaction="false"/><pair id="DrugDDI.d342.s1.p23" e1="DrugDDI.d342.s1.e3" e2="DrugDDI.d342.s1.e6" interaction="false"/><pair id="DrugDDI.d342.s1.p24" e1="DrugDDI.d342.s1.e3" e2="DrugDDI.d342.s1.e7" interaction="false"/><pair id="DrugDDI.d342.s1.p25" e1="DrugDDI.d342.s1.e3" e2="DrugDDI.d342.s1.e8" interaction="false"/><pair id="DrugDDI.d342.s1.p26" e1="DrugDDI.d342.s1.e4" e2="DrugDDI.d342.s1.e5" interaction="false"/><pair id="DrugDDI.d342.s1.p27" e1="DrugDDI.d342.s1.e4" e2="DrugDDI.d342.s1.e6" interaction="false"/><pair id="DrugDDI.d342.s1.p28" e1="DrugDDI.d342.s1.e4" e2="DrugDDI.d342.s1.e7" interaction="false"/><pair id="DrugDDI.d342.s1.p29" e1="DrugDDI.d342.s1.e4" e2="DrugDDI.d342.s1.e8" interaction="false"/><pair id="DrugDDI.d342.s1.p30" e1="DrugDDI.d342.s1.e5" e2="DrugDDI.d342.s1.e6" interaction="false"/><pair id="DrugDDI.d342.s1.p31" e1="DrugDDI.d342.s1.e5" e2="DrugDDI.d342.s1.e7" interaction="false"/><pair id="DrugDDI.d342.s1.p32" e1="DrugDDI.d342.s1.e5" e2="DrugDDI.d342.s1.e8" interaction="false"/><pair id="DrugDDI.d342.s1.p33" e1="DrugDDI.d342.s1.e6" e2="DrugDDI.d342.s1.e7" interaction="true"/><pair id="DrugDDI.d342.s1.p34" e1="DrugDDI.d342.s1.e6" e2="DrugDDI.d342.s1.e8" interaction="false"/><pair id="DrugDDI.d342.s1.p35" e1="DrugDDI.d342.s1.e7" e2="DrugDDI.d342.s1.e8" interaction="false"/></sentence></document>