<?xml version="1.0" encoding="UTF-8"?>
<document id="DrugDDI.d398" origId="Cefixime"><sentence id="DrugDDI.d398.s0" origId="s0" text="Carbamazepine: Elevated carbamazepine levels have been reported in postmarketing experience when SUPRAX is administered concomitantly."><entity id="DrugDDI.d398.s0.e0" origId="s0.p0" charOffset="0-13" type="drug" text="Carbamazepine"/><entity id="DrugDDI.d398.s0.e1" origId="s0.p8" charOffset="97-103" type="drug" text="SUPRAX"/><pair id="DrugDDI.d398.s0.p0" e1="DrugDDI.d398.s0.e0" e2="DrugDDI.d398.s0.e1" interaction="false"/></sentence><sentence id="DrugDDI.d398.s1" origId="s1" text="Drug monitoring may be of assistance in detecting alterations in carbamazepine plasma concentrations."><entity id="DrugDDI.d398.s1.e0" origId="s1.p17" charOffset="65-78" type="drug" text="carbamazepine"/></sentence><sentence id="DrugDDI.d398.s2" origId="s2" text="Warfarin and Anticoagulants: Increased prothrombin time, with or without clinical bleeding, has been reported when cefixime is administered concomitantly."><entity id="DrugDDI.d398.s2.e0" origId="s2.p18" charOffset="0-8" type="drug" text="Warfarin"/><entity id="DrugDDI.d398.s2.e1" origId="s2.p20" charOffset="13-27" type="drug" text="Anticoagulants"/><entity id="DrugDDI.d398.s2.e2" origId="s2.p30" charOffset="115-123" type="drug" text="cefixime"/><pair id="DrugDDI.d398.s2.p0" e1="DrugDDI.d398.s2.e0" e2="DrugDDI.d398.s2.e1" interaction="false"/><pair id="DrugDDI.d398.s2.p1" e1="DrugDDI.d398.s2.e0" e2="DrugDDI.d398.s2.e2" interaction="false"/><pair id="DrugDDI.d398.s2.p2" e1="DrugDDI.d398.s2.e1" e2="DrugDDI.d398.s2.e2" interaction="false"/></sentence><sentence id="DrugDDI.d398.s3" origId="s3" text="Drug/Laboratory Test Interactions A false-positive reaction for ketones in the urine may occur with tests using nitroprusside but not with those using nitroferricyanide."><entity id="DrugDDI.d398.s3.e0" origId="s3.p34" charOffset="0-4" type="drug" text="Drug"/><entity id="DrugDDI.d398.s3.e1" origId="s3.p42" charOffset="112-125" type="drug" text="nitroprusside"/><entity id="DrugDDI.d398.s3.e2" origId="s3.p47" charOffset="151-168" type="drug" text="nitroferricyanide"/><pair id="DrugDDI.d398.s3.p0" e1="DrugDDI.d398.s3.e0" e2="DrugDDI.d398.s3.e1" interaction="false"/><pair id="DrugDDI.d398.s3.p1" e1="DrugDDI.d398.s3.e0" e2="DrugDDI.d398.s3.e2" interaction="false"/><pair id="DrugDDI.d398.s3.p2" e1="DrugDDI.d398.s3.e1" e2="DrugDDI.d398.s3.e2" interaction="false"/></sentence><sentence id="DrugDDI.d398.s4" origId="s4" text="The administration of SUPRAX may result in a false-positive reaction for glucose in the urine using Clinitest?**, Benedict?s solution, or Fehling?s solution."><entity id="DrugDDI.d398.s4.e0" origId="s4.p49" charOffset="22-28" type="drug" text="SUPRAX"/><entity id="DrugDDI.d398.s4.e1" origId="s4.p53" charOffset="73-80" type="drug" text="glucose"/><pair id="DrugDDI.d398.s4.p0" e1="DrugDDI.d398.s4.e0" e2="DrugDDI.d398.s4.e1" interaction="false"/></sentence><sentence id="DrugDDI.d398.s5" origId="s5" text="It is recommended that glucose tests based on enzymatic glucose oxidase reactions (such as Clinistix?** or Tes-Tape?**) be used."><entity id="DrugDDI.d398.s5.e0" origId="s5.p65" charOffset="56-71" type="drug" text="glucose oxidase"/></sentence><sentence id="DrugDDI.d398.s6" origId="s6" text="A false-positive direct Coombs test has been reported during treatment with other cephalosporin antibiotics;"><entity id="DrugDDI.d398.s6.e0" origId="s6.p78" charOffset="82-107" type="drug" text="cephalosporin antibiotics"/></sentence><sentence id="DrugDDI.d398.s7" origId="s7" text="therefore, it should be recognized that a positive Coombs test may be due to the drug."><entity id="DrugDDI.d398.s7.e0" origId="s7.p88" charOffset="81-85" type="drug" text="drug"/></sentence></document>