<?xml version="1.0" encoding="UTF-8"?>
<document id="DrugDDI.d102" origId="Ceftizoxime"><sentence id="DrugDDI.d102.s0" origId="s0" text="Although the occurrence has not been reported with Cefizox, nephrotoxicity has been reported following concomitant administration of other cephalosporins and aminoglycosides."><entity id="DrugDDI.d102.s0.e0" origId="s0.p6" charOffset="51-58" type="drug" text="Cefizox"/><entity id="DrugDDI.d102.s0.e1" origId="s0.p13" charOffset="139-153" type="drug" text="cephalosporins"/><entity id="DrugDDI.d102.s0.e2" origId="s0.p15" charOffset="158-173" type="drug" text="aminoglycosides"/><pair id="DrugDDI.d102.s0.p0" e1="DrugDDI.d102.s0.e0" e2="DrugDDI.d102.s0.e1" interaction="false"/><pair id="DrugDDI.d102.s0.p1" e1="DrugDDI.d102.s0.e0" e2="DrugDDI.d102.s0.e2" interaction="false"/><pair id="DrugDDI.d102.s0.p2" e1="DrugDDI.d102.s0.e1" e2="DrugDDI.d102.s0.e2" interaction="false"/></sentence></document>