<?xml version="1.0" encoding="UTF-8"?>
<document id="DrugDDI.d363" origId="Cetuximab"><sentence id="DrugDDI.d363.s0" origId="s0" text="A drug interaction study was performed in which ERBITUX was administered in combination with irinotecan."><entity id="DrugDDI.d363.s0.e0" origId="s0.p3" charOffset="48-55" type="drug" text="ERBITUX"/><entity id="DrugDDI.d363.s0.e1" origId="s0.p7" charOffset="93-103" type="drug" text="irinotecan"/><pair id="DrugDDI.d363.s0.p0" e1="DrugDDI.d363.s0.e0" e2="DrugDDI.d363.s0.e1" interaction="false"/></sentence><sentence id="DrugDDI.d363.s1" origId="s1" text="There was no evidence of any pharmacokinetic interactions between ERBITUX and irinotecan."><entity id="DrugDDI.d363.s1.e0" origId="s1.p12" charOffset="66-73" type="drug" text="ERBITUX"/><entity id="DrugDDI.d363.s1.e1" origId="s1.p14" charOffset="78-88" type="drug" text="irinotecan"/><pair id="DrugDDI.d363.s1.p0" e1="DrugDDI.d363.s1.e0" e2="DrugDDI.d363.s1.e1" interaction="false"/></sentence></document>