<?xml version="1.0" encoding="UTF-8"?>
<document id="DrugDDI.d561" origId="Chloroquine"><sentence id="DrugDDI.d561.s0" origId="s0" text="Antacids and kaolin: Antacids and kaolin can reduce absorption of chloroquine;"><entity id="DrugDDI.d561.s0.e0" origId="s0.p0" charOffset="0-8" type="drug" text="Antacids"/><entity id="DrugDDI.d561.s0.e1" origId="s0.p2" charOffset="13-19" type="drug" text="kaolin"/><entity id="DrugDDI.d561.s0.e2" origId="s0.p4" charOffset="21-29" type="drug" text="Antacids"/><entity id="DrugDDI.d561.s0.e3" origId="s0.p6" charOffset="34-40" type="drug" text="kaolin"/><entity id="DrugDDI.d561.s0.e4" origId="s0.p10" charOffset="66-77" type="drug" text="chloroquine"/><pair id="DrugDDI.d561.s0.p0" e1="DrugDDI.d561.s0.e0" e2="DrugDDI.d561.s0.e1" interaction="false"/><pair id="DrugDDI.d561.s0.p1" e1="DrugDDI.d561.s0.e0" e2="DrugDDI.d561.s0.e2" interaction="false"/><pair id="DrugDDI.d561.s0.p2" e1="DrugDDI.d561.s0.e0" e2="DrugDDI.d561.s0.e3" interaction="false"/><pair id="DrugDDI.d561.s0.p3" e1="DrugDDI.d561.s0.e0" e2="DrugDDI.d561.s0.e4" interaction="false"/><pair id="DrugDDI.d561.s0.p4" e1="DrugDDI.d561.s0.e1" e2="DrugDDI.d561.s0.e2" interaction="false"/><pair id="DrugDDI.d561.s0.p5" e1="DrugDDI.d561.s0.e1" e2="DrugDDI.d561.s0.e3" interaction="false"/><pair id="DrugDDI.d561.s0.p6" e1="DrugDDI.d561.s0.e1" e2="DrugDDI.d561.s0.e4" interaction="false"/><pair id="DrugDDI.d561.s0.p7" e1="DrugDDI.d561.s0.e2" e2="DrugDDI.d561.s0.e3" interaction="false"/><pair id="DrugDDI.d561.s0.p8" e1="DrugDDI.d561.s0.e2" e2="DrugDDI.d561.s0.e4" interaction="true"/><pair id="DrugDDI.d561.s0.p9" e1="DrugDDI.d561.s0.e3" e2="DrugDDI.d561.s0.e4" interaction="true"/></sentence><sentence id="DrugDDI.d561.s1" origId="s1" text="an interval of at least 4 hours between intake of these agents and chloroquine should be observed."><entity id="DrugDDI.d561.s1.e0" origId="s1.p18" charOffset="67-78" type="drug" text="chloroquine"/></sentence><sentence id="DrugDDI.d561.s2" origId="s2" text="Cimetidine: Cimetidine can inhibit the metabolism of chloroquine, increasing its plasma level."><entity id="DrugDDI.d561.s2.e0" origId="s2.p22" charOffset="0-10" type="drug" text="Cimetidine"/><entity id="DrugDDI.d561.s2.e1" origId="s2.p24" charOffset="12-22" type="drug" text="Cimetidine"/><entity id="DrugDDI.d561.s2.e2" origId="s2.p28" charOffset="53-64" type="drug" text="chloroquine"/><pair id="DrugDDI.d561.s2.p0" e1="DrugDDI.d561.s2.e0" e2="DrugDDI.d561.s2.e1" interaction="false"/><pair id="DrugDDI.d561.s2.p1" e1="DrugDDI.d561.s2.e0" e2="DrugDDI.d561.s2.e2" interaction="false"/><pair id="DrugDDI.d561.s2.p2" e1="DrugDDI.d561.s2.e1" e2="DrugDDI.d561.s2.e2" interaction="true"/></sentence><sentence id="DrugDDI.d561.s3" origId="s3" text="Concomitant use of cimetidine should be avoided."><entity id="DrugDDI.d561.s3.e0" origId="s3.p32" charOffset="19-29" type="drug" text="cimetidine"/></sentence><sentence id="DrugDDI.d561.s4" origId="s4" text="Ampicillin: In a study of healthy volunteers, chloroquine significantly reduced the bioavailability of ampicillin."><entity id="DrugDDI.d561.s4.e0" origId="s4.p36" charOffset="0-10" type="drug" text="Ampicillin"/><entity id="DrugDDI.d561.s4.e1" origId="s4.p40" charOffset="46-57" type="drug" text="chloroquine"/><entity id="DrugDDI.d561.s4.e2" origId="s4.p43" charOffset="103-113" type="drug" text="ampicillin"/><pair id="DrugDDI.d561.s4.p0" e1="DrugDDI.d561.s4.e0" e2="DrugDDI.d561.s4.e1" interaction="false"/><pair id="DrugDDI.d561.s4.p1" e1="DrugDDI.d561.s4.e0" e2="DrugDDI.d561.s4.e2" interaction="false"/><pair id="DrugDDI.d561.s4.p2" e1="DrugDDI.d561.s4.e1" e2="DrugDDI.d561.s4.e2" interaction="true"/></sentence><sentence id="DrugDDI.d561.s5" origId="s5" text="An interval of at least two hours between intake of this agent and chloroquine should be observed."><entity id="DrugDDI.d561.s5.e0" origId="s5.p50" charOffset="67-78" type="drug" text="chloroquine"/></sentence><sentence id="DrugDDI.d561.s6" origId="s6" text="Cyclosporin: After introduction of chloroquine (oral form), a sudden increase in serum cyclosporin level has been reported."><entity id="DrugDDI.d561.s6.e0" origId="s6.p54" charOffset="0-11" type="drug" text="Cyclosporin"/><entity id="DrugDDI.d561.s6.e1" origId="s6.p57" charOffset="35-46" type="drug" text="chloroquine"/><pair id="DrugDDI.d561.s6.p0" e1="DrugDDI.d561.s6.e0" e2="DrugDDI.d561.s6.e1" interaction="false"/></sentence><sentence id="DrugDDI.d561.s7" origId="s7" text="Therefore, close monitoring of serum cyclosporin level is recommended and, if necessary, chloroquine should be discontinued."><entity id="DrugDDI.d561.s7.e0" origId="s7.p75" charOffset="89-100" type="drug" text="chloroquine"/></sentence></document>